IDEM,KODE,WILAYAH,PENDIDIKAN,A_L,A_P,A,B_L,B_P,B,AB_L,AB_P,AB,O_L,O_P,O,A+_L,A+_P,A+,A-_L,A-_P,A-,B+_L,B+_P,B+,B-_L,B-_P,B-,AB+_L,AB+_P,AB+,AB-_L,AB-_P,AB-,O+_L,O+_P,O+,O-_L,O-_P,O-,TIDAK TAHU_L,TIDAK TAHU_P,TIDAK TAHU
2,13.76,KOTA PAYAKUMBUH,01 TIDAK/BLM SEKOLAH,58,41,99,40,23,63,7,4,11,69,47,116,0,2,2,0,0,0,1,1,2,0,0,0,0,1,1,0,0,0,1,3,4,9,9,18,12830,11510,24340
2,13.76,KOTA PAYAKUMBUH,02 BELUM TAMAT SD/SEDERAJAT,119,110,229,33,43,76,19,11,30,94,77,171,4,2,6,0,0,0,4,1,5,0,0,0,0,2,2,0,0,0,2,1,3,3,2,5,8276,7555,15831
2,13.76,KOTA PAYAKUMBUH,03 TAMAT SD/SEDERAJAT,251,259,510,95,123,218,69,77,146,276,195,471,10,7,17,0,1,1,2,5,7,0,0,0,3,1,4,0,0,0,2,2,4,2,2,4,7997,7435,15432
2,13.76,KOTA PAYAKUMBUH,04 SLTP/SEDERAJAT,383,447,830,131,168,299,82,80,162,368,360,728,16,14,30,0,0,0,4,8,12,0,0,0,4,1,5,2,0,2,9,2,11,4,3,7,9580,8739,18319
2,13.76,KOTA PAYAKUMBUH,05 SLTA/SEDERAJAT,1346,1410,2756,857,908,1765,478,400,878,1955,1548,3503,43,58,101,5,6,11,38,30,68,1,1,2,13,15,28,2,1,3,23,27,50,7,9,16,21350,20051,41401
2,13.76,KOTA PAYAKUMBUH,06 DIPLOMA I/II,13,43,56,13,39,52,5,17,22,17,61,78,0,1,1,0,0,0,0,1,1,0,0,0,0,0,0,1,0,1,0,1,1,0,0,0,109,349,458
2,13.76,KOTA PAYAKUMBUH,07 AKADEMI/DIPLOMA III/SARJANA MUDA,147,291,438,134,228,362,47,109,156,204,371,575,5,6,11,0,0,0,5,7,12,0,1,1,4,2,6,0,0,0,4,4,8,1,1,2,946,1532,2478
2,13.76,KOTA PAYAKUMBUH,08 DIPLOMA IV/STRATA I,650,956,1606,534,814,1348,190,285,475,883,1157,2040,25,31,56,2,2,4,23,29,52,0,2,2,10,9,19,3,1,4,18,25,43,4,2,6,3084,4731,7815
2,13.76,KOTA PAYAKUMBUH,09 STRATA-II,80,72,152,67,67,134,33,20,53,89,88,177,2,2,4,0,1,1,3,0,3,2,0,2,3,1,4,0,0,0,1,0,1,1,0,1,172,226,398
2,13.76,KOTA PAYAKUMBUH,10 STRATA-III,2,4,6,0,2,2,0,0,0,5,3,8,0,0,0,0,0,0,0,0,0,0,0,0,0,0,0,0,0,0,0,0,0,0,0,0,6,7,13
3,13.76.01,PAYAKUMBUH BARAT,01 TIDAK/BLM SEKOLAH,20,14,34,19,14,33,2,0,2,28,22,50,0,2,2,0,0,0,1,0,1,0,0,0,0,0,0,0,0,0,0,0,0,4,6,10,4977,4413,9390
3,13.76.01,PAYAKUMBUH BARAT,02 BELUM TAMAT SD/SEDERAJAT,52,41,93,21,15,36,6,5,11,42,38,80,3,2,5,0,0,0,1,0,1,0,0,0,0,0,0,0,0,0,1,1,2,3,0,3,3171,2915,6086
3,13.76.01,PAYAKUMBUH BARAT,03 TAMAT SD/SEDERAJAT,67,60,127,26,37,63,16,24,40,79,63,142,2,0,2,0,0,0,1,3,4,0,0,0,1,1,2,0,0,0,1,2,3,1,2,3,2706,2466,5172
3,13.76.01,PAYAKUMBUH BARAT,04 SLTP/SEDERAJAT,133,132,265,40,50,90,24,20,44,114,129,243,9,4,13,0,0,0,3,6,9,0,0,0,1,1,2,0,0,0,3,0,3,3,0,3,3546,3346,6892
3,13.76.01,PAYAKUMBUH BARAT,05 SLTA/SEDERAJAT,454,495,949,313,327,640,155,137,292,714,567,1281,12,26,38,1,2,3,15,16,31,0,0,0,6,7,13,0,1,1,5,14,19,3,5,8,8484,8149,16633
3,13.76.01,PAYAKUMBUH BARAT,06 DIPLOMA I/II,7,13,20,7,9,16,3,4,7,8,22,30,0,0,0,0,0,0,0,0,0,0,0,0,0,0,0,1,0,1,0,0,0,0,0,0,51,146,197
3,13.76.01,PAYAKUMBUH BARAT,07 AKADEMI/DIPLOMA III/SARJANA MUDA,53,115,168,48,84,132,14,39,53,95,131,226,4,2,6,0,0,0,3,5,8,0,1,1,0,1,1,0,0,0,2,0,2,1,0,1,394,638,1032
3,13.76.01,PAYAKUMBUH BARAT,08 DIPLOMA IV/STRATA I,272,356,628,237,321,558,76,99,175,374,470,844,7,11,18,0,1,1,13,18,31,0,1,1,4,3,7,0,1,1,10,10,20,1,0,1,1400,2024,3424
3,13.76.01,PAYAKUMBUH BARAT,09 STRATA-II,37,34,71,32,26,58,20,5,25,50,34,84,0,1,1,0,0,0,1,0,1,1,0,1,1,0,1,0,0,0,0,0,0,1,0,1,78,103,181
3,13.76.01,PAYAKUMBUH BARAT,10 STRATA-III,0,2,2,0,1,1,0,0,0,2,1,3,0,0,0,0,0,0,0,0,0,0,0,0,0,0,0,0,0,0,0,0,0,0,0,0,2,5,7
4,13.76.01.1002,PAKAN SINAYAN,06 DIPLOMA I/II,1,1,2,1,0,1,0,0,0,2,1,3,0,0,0,0,0,0,0,0,0,0,0,0,0,0,0,0,0,0,0,0,0,0,0,0,4,5,9
4,13.76.01.1002,PAKAN SINAYAN,05 SLTA/SEDERAJAT,17,21,38,16,17,33,7,1,8,24,23,47,0,0,0,0,0,0,0,0,0,0,0,0,0,0,0,0,0,0,0,1,1,0,0,0,297,279,576
4,13.76.01.1002,PAKAN SINAYAN,09 STRATA-II,0,2,2,4,0,4,0,1,1,1,1,2,0,0,0,0,0,0,0,0,0,0,0,0,0,0,0,0,0,0,0,0,0,0,0,0,1,5,6
4,13.76.01.1002,PAKAN SINAYAN,08 DIPLOMA IV/STRATA I,10,10,20,14,14,28,3,4,7,10,21,31,0,0,0,0,0,0,0,0,0,0,0,0,0,0,0,0,0,0,0,1,1,0,0,0,35,45,80
4,13.76.01.1002,PAKAN SINAYAN,07 AKADEMI/DIPLOMA III/SARJANA MUDA,1,2,3,1,5,6,0,2,2,2,4,6,0,0,0,0,0,0,0,0,0,0,0,0,0,0,0,0,0,0,0,0,0,0,0,0,17,18,35
4,13.76.01.1002,PAKAN SINAYAN,01 TIDAK/BLM SEKOLAH,0,1,1,0,0,0,0,0,0,1,0,1,0,0,0,0,0,0,0,0,0,0,0,0,0,0,0,0,0,0,0,0,0,0,0,0,153,168,321
4,13.76.01.1002,PAKAN SINAYAN,02 BELUM TAMAT SD/SEDERAJAT,1,4,5,2,1,3,0,0,0,1,2,3,0,0,0,0,0,0,0,0,0,0,0,0,0,0,0,0,0,0,0,0,0,0,0,0,123,125,248
4,13.76.01.1002,PAKAN SINAYAN,03 TAMAT SD/SEDERAJAT,0,0,0,0,2,2,1,1,2,3,1,4,0,0,0,0,0,0,0,0,0,0,0,0,0,0,0,0,0,0,0,0,0,0,0,0,96,84,180
4,13.76.01.1002,PAKAN SINAYAN,04 SLTP/SEDERAJAT,3,2,5,1,3,4,0,0,0,9,5,14,0,1,1,0,0,0,0,0,0,0,0,0,0,0,0,0,0,0,0,0,0,0,0,0,127,98,225
4,13.76.01.1003,KUBU GADANG,06 DIPLOMA I/II,1,1,2,0,0,0,0,0,0,0,0,0,0,0,0,0,0,0,0,0,0,0,0,0,0,0,0,0,0,0,0,0,0,0,0,0,0,8,8
4,13.76.01.1003,KUBU GADANG,07 AKADEMI/DIPLOMA III/SARJANA MUDA,1,8,9,3,4,7,1,0,1,4,2,6,0,0,0,0,0,0,0,0,0,0,0,0,0,0,0,0,0,0,0,0,0,0,0,0,19,30,49
4,13.76.01.1003,KUBU GADANG,05 SLTA/SEDERAJAT,19,28,47,13,14,27,7,1,8,27,18,45,0,0,0,0,0,0,2,0,2,0,0,0,0,0,0,0,0,0,0,0,0,1,0,1,390,378,768
4,13.76.01.1003,KUBU GADANG,09 STRATA-II,4,1,5,1,2,3,1,1,2,3,0,3,0,0,0,0,0,0,0,0,0,0,0,0,0,0,0,0,0,0,0,0,0,0,0,0,2,9,11
4,13.76.01.1003,KUBU GADANG,08 DIPLOMA IV/STRATA I,13,18,31,6,15,21,3,4,7,20,14,34,0,1,1,0,0,0,1,2,3,0,0,0,0,0,0,0,0,0,0,0,0,0,0,0,64,99,163
4,13.76.01.1003,KUBU GADANG,04 SLTP/SEDERAJAT,6,3,9,1,1,2,1,2,3,2,5,7,1,0,1,0,0,0,0,1,1,0,0,0,0,0,0,0,0,0,0,0,0,1,0,1,180,174,354
4,13.76.01.1003,KUBU GADANG,03 TAMAT SD/SEDERAJAT,3,6,9,4,2,6,1,2,3,4,1,5,0,0,0,0,0,0,0,0,0,0,0,0,0,1,1,0,0,0,0,0,0,0,1,1,168,154,322
4,13.76.01.1003,KUBU GADANG,02 BELUM TAMAT SD/SEDERAJAT,3,2,5,1,1,2,0,1,1,1,2,3,0,0,0,0,0,0,0,0,0,0,0,0,0,0,0,0,0,0,0,0,0,0,0,0,147,144,291
4,13.76.01.1003,KUBU GADANG,01 TIDAK/BLM SEKOLAH,0,1,1,1,0,1,0,0,0,0,0,0,0,0,0,0,0,0,0,0,0,0,0,0,0,0,0,0,0,0,0,0,0,1,0,1,245,220,465
4,13.76.01.1003,KUBU GADANG,10 STRATA-III,0,0,0,0,0,0,0,0,0,2,1,3,0,0,0,0,0,0,0,0,0,0,0,0,0,0,0,0,0,0,0,0,0,0,0,0,0,1,1
4,13.76.01.1004,BULAKAN BALAI KANDI,03 TAMAT SD/SEDERAJAT,3,0,3,0,4,4,0,1,1,6,7,13,0,0,0,0,0,0,0,0,0,0,0,0,0,0,0,0,0,0,0,0,0,0,0,0,183,161,344
4,13.76.01.1004,BULAKAN BALAI KANDI,09 STRATA-II,3,5,8,3,1,4,2,0,2,7,4,11,0,0,0,0,0,0,0,0,0,0,0,0,1,0,1,0,0,0,0,0,0,1,0,1,7,11,18
4,13.76.01.1004,BULAKAN BALAI KANDI,08 DIPLOMA IV/STRATA I,23,31,54,23,34,57,6,15,21,46,59,105,0,2,2,0,0,0,1,3,4,0,0,0,0,0,0,0,0,0,1,0,1,1,0,1,118,174,292
4,13.76.01.1004,BULAKAN BALAI KANDI,07 AKADEMI/DIPLOMA III/SARJANA MUDA,8,9,17,8,8,16,2,6,8,14,9,23,2,0,2,0,0,0,0,1,1,0,0,0,0,0,0,0,0,0,0,0,0,0,0,0,34,63,97
4,13.76.01.1004,BULAKAN BALAI KANDI,06 DIPLOMA I/II,0,0,0,1,0,1,0,2,2,1,1,2,0,0,0,0,0,0,0,0,0,0,0,0,0,0,0,0,0,0,0,0,0,0,0,0,6,5,11
4,13.76.01.1004,BULAKAN BALAI KANDI,05 SLTA/SEDERAJAT,28,24,52,30,29,59,20,21,41,61,49,110,1,1,2,0,0,0,2,0,2,0,0,0,0,0,0,0,0,0,0,2,2,0,1,1,609,558,1167
4,13.76.01.1004,BULAKAN BALAI KANDI,04 SLTP/SEDERAJAT,9,6,15,4,3,7,1,0,1,8,10,18,0,1,1,0,0,0,0,0,0,0,0,0,0,0,0,0,0,0,0,0,0,0,0,0,227,247,474
4,13.76.01.1004,BULAKAN BALAI KANDI,02 BELUM TAMAT SD/SEDERAJAT,1,2,3,2,2,4,1,1,2,2,4,6,0,0,0,0,0,0,0,0,0,0,0,0,0,0,0,0,0,0,0,0,0,0,0,0,229,213,442
4,13.76.01.1004,BULAKAN BALAI KANDI,01 TIDAK/BLM SEKOLAH,0,1,1,2,1,3,2,0,2,5,3,8,0,0,0,0,0,0,0,0,0,0,0,0,0,0,0,0,0,0,0,0,0,2,1,3,390,335,725
4,13.76.01.1005,PAYOLANSEK,07 AKADEMI/DIPLOMA III/SARJANA MUDA,9,17,26,7,14,21,4,3,7,11,22,33,1,1,2,0,0,0,1,1,2,0,0,0,0,0,0,0,0,0,0,0,0,0,0,0,34,43,77
4,13.76.01.1005,PAYOLANSEK,09 STRATA-II,5,3,8,4,2,6,1,0,1,8,2,10,0,0,0,0,0,0,0,0,0,0,0,0,0,0,0,0,0,0,0,0,0,0,0,0,6,10,16
4,13.76.01.1005,PAYOLANSEK,06 DIPLOMA I/II,1,3,4,2,1,3,0,1,1,1,7,8,0,0,0,0,0,0,0,0,0,0,0,0,0,0,0,0,0,0,0,0,0,0,0,0,5,17,22
4,13.76.01.1005,PAYOLANSEK,05 SLTA/SEDERAJAT,44,53,97,36,40,76,15,18,33,82,59,141,3,2,5,0,0,0,1,1,2,0,0,0,0,1,1,0,0,0,0,2,2,1,2,3,538,536,1074
4,13.76.01.1005,PAYOLANSEK,08 DIPLOMA IV/STRATA I,34,58,92,32,47,79,15,17,32,50,73,123,1,0,1,0,1,1,1,2,3,0,0,0,1,0,1,0,0,0,0,0,0,0,0,0,121,147,268
4,13.76.01.1005,PAYOLANSEK,03 TAMAT SD/SEDERAJAT,14,9,23,4,4,8,2,4,6,10,9,19,0,0,0,0,0,0,0,0,0,0,0,0,0,0,0,0,0,0,0,0,0,1,0,1,260,230,490
4,13.76.01.1005,PAYOLANSEK,02 BELUM TAMAT SD/SEDERAJAT,6,4,10,3,1,4,1,0,1,11,8,19,0,1,1,0,0,0,0,0,0,0,0,0,0,0,0,0,0,0,0,0,0,1,0,1,302,254,556
4,13.76.01.1005,PAYOLANSEK,01 TIDAK/BLM SEKOLAH,3,0,3,5,4,9,0,0,0,6,5,11,0,1,1,0,0,0,0,0,0,0,0,0,0,0,0,0,0,0,0,0,0,0,1,1,482,373,855
4,13.76.01.1005,PAYOLANSEK,04 SLTP/SEDERAJAT,19,8,27,4,5,9,2,3,5,16,19,35,0,0,0,0,0,0,0,0,0,0,0,0,1,0,1,0,0,0,0,0,0,0,0,0,289,233,522
4,13.76.01.1007,TALANG,10 STRATA-III,0,0,0,0,0,0,0,0,0,0,0,0,0,0,0,0,0,0,0,0,0,0,0,0,0,0,0,0,0,0,0,0,0,0,0,0,0,1,1
4,13.76.01.1007,TALANG,01 TIDAK/BLM SEKOLAH,1,0,1,2,0,2,0,0,0,3,2,5,0,0,0,0,0,0,0,0,0,0,0,0,0,0,0,0,0,0,0,0,0,0,0,0,308,305,613
4,13.76.01.1007,TALANG,08 DIPLOMA IV/STRATA I,10,13,23,11,12,23,4,7,11,19,23,42,1,1,2,0,0,0,1,0,1,0,0,0,0,1,1,0,0,0,0,0,0,0,0,0,69,98,167
4,13.76.01.1007,TALANG,02 BELUM TAMAT SD/SEDERAJAT,0,3,3,2,1,3,1,1,2,0,2,2,0,0,0,0,0,0,0,0,0,0,0,0,0,0,0,0,0,0,0,0,0,0,0,0,206,171,377
4,13.76.01.1007,TALANG,03 TAMAT SD/SEDERAJAT,1,2,3,2,0,2,1,2,3,6,4,10,0,0,0,0,0,0,0,0,0,0,0,0,0,0,0,0,0,0,0,0,0,0,0,0,215,156,371
4,13.76.01.1007,TALANG,04 SLTP/SEDERAJAT,1,5,6,1,3,4,3,0,3,9,8,17,1,0,1,0,0,0,0,0,0,0,0,0,0,0,0,0,0,0,0,0,0,0,0,0,194,204,398
4,13.76.01.1007,TALANG,05 SLTA/SEDERAJAT,28,19,47,19,9,28,7,7,14,36,40,76,0,1,1,0,0,0,0,0,0,0,0,0,0,0,0,0,0,0,0,0,0,1,0,1,493,461,954
4,13.76.01.1007,TALANG,09 STRATA-II,0,2,2,1,1,2,1,1,2,3,3,6,0,1,1,0,0,0,0,0,0,0,0,0,0,0,0,0,0,0,0,0,0,0,0,0,3,3,6
4,13.76.01.1007,TALANG,06 DIPLOMA I/II,0,1,1,0,1,1,1,0,1,0,1,1,0,0,0,0,0,0,0,0,0,0,0,0,0,0,0,0,0,0,0,0,0,0,0,0,2,9,11
4,13.76.01.1007,TALANG,07 AKADEMI/DIPLOMA III/SARJANA MUDA,2,8,10,2,6,8,0,1,1,6,4,10,0,0,0,0,0,0,0,0,0,0,0,0,0,0,0,0,0,0,0,0,0,0,0,0,15,23,38
4,13.76.01.1009,PADANG TINGGI PILIANG,06 DIPLOMA I/II,1,2,3,0,1,1,0,0,0,1,0,1,0,0,0,0,0,0,0,0,0,0,0,0,0,0,0,0,0,0,0,0,0,0,0,0,1,16,17
4,13.76.01.1009,PADANG TINGGI PILIANG,05 SLTA/SEDERAJAT,35,34,69,27,26,53,9,10,19,34,37,71,0,5,5,0,0,0,1,2,3,0,0,0,0,0,0,0,0,0,0,2,2,0,0,0,677,629,1306
4,13.76.01.1009,PADANG TINGGI PILIANG,04 SLTP/SEDERAJAT,7,7,14,4,4,8,0,3,3,7,7,14,0,0,0,0,0,0,1,0,1,0,0,0,0,0,0,0,0,0,0,0,0,0,0,0,276,241,517
4,13.76.01.1009,PADANG TINGGI PILIANG,03 TAMAT SD/SEDERAJAT,4,3,7,3,4,7,1,3,4,4,5,9,0,0,0,0,0,0,0,0,0,0,0,0,0,0,0,0,0,0,0,0,0,0,0,0,171,180,351
4,13.76.01.1009,PADANG TINGGI PILIANG,02 BELUM TAMAT SD/SEDERAJAT,2,1,3,2,1,3,1,0,1,1,2,3,0,0,0,0,0,0,0,0,0,0,0,0,0,0,0,0,0,0,1,1,2,0,0,0,226,217,443
4,13.76.01.1009,PADANG TINGGI PILIANG,01 TIDAK/BLM SEKOLAH,1,0,1,3,1,4,0,0,0,2,0,2,0,1,1,0,0,0,0,0,0,0,0,0,0,0,0,0,0,0,0,0,0,0,0,0,365,327,692
4,13.76.01.1009,PADANG TINGGI PILIANG,07 AKADEMI/DIPLOMA III/SARJANA MUDA,4,9,13,4,9,13,0,1,1,5,10,15,0,0,0,0,0,0,0,0,0,0,0,0,0,0,0,0,0,0,0,0,0,0,0,0,34,57,91
4,13.76.01.1009,PADANG TINGGI PILIANG,08 DIPLOMA IV/STRATA I,22,22,44,19,19,38,3,6,9,15,25,40,0,1,1,0,0,0,1,4,5,0,0,0,0,0,0,0,0,0,2,1,3,0,0,0,94,140,234
4,13.76.01.1009,PADANG TINGGI PILIANG,09 STRATA-II,5,4,9,1,2,3,3,0,3,2,1,3,0,0,0,0,0,0,0,0,0,0,0,0,0,0,0,0,0,0,0,0,0,0,0,0,9,10,19
4,13.76.01.1011,KOTO TANGAH,01 TIDAK/BLM SEKOLAH,2,1,3,0,1,1,0,0,0,1,2,3,0,0,0,0,0,0,0,0,0,0,0,0,0,0,0,0,0,0,0,0,0,1,0,1,273,227,500
4,13.76.01.1011,KOTO TANGAH,02 BELUM TAMAT SD/SEDERAJAT,1,0,1,5,2,7,0,0,0,3,3,6,0,0,0,0,0,0,0,0,0,0,0,0,0,0,0,0,0,0,0,0,0,1,0,1,108,126,234
4,13.76.01.1011,KOTO TANGAH,03 TAMAT SD/SEDERAJAT,1,5,6,3,0,3,1,2,3,5,2,7,0,0,0,0,0,0,0,0,0,0,0,0,0,0,0,0,0,0,0,0,0,0,0,0,67,72,139
4,13.76.01.1011,KOTO TANGAH,04 SLTP/SEDERAJAT,9,6,15,0,3,3,1,0,1,5,5,10,0,0,0,0,0,0,0,0,0,0,0,0,0,0,0,0,0,0,0,0,0,0,0,0,108,111,219
4,13.76.01.1011,KOTO TANGAH,05 SLTA/SEDERAJAT,16,12,28,21,18,39,7,8,15,34,31,65,0,0,0,0,0,0,1,0,1,0,0,0,2,0,2,0,0,0,0,0,0,0,0,0,362,368,730
4,13.76.01.1011,KOTO TANGAH,06 DIPLOMA I/II,0,0,0,0,0,0,0,0,0,0,0,0,0,0,0,0,0,0,0,0,0,0,0,0,0,0,0,0,0,0,0,0,0,0,0,0,4,7,11
4,13.76.01.1011,KOTO TANGAH,07 AKADEMI/DIPLOMA III/SARJANA MUDA,5,6,11,1,5,6,0,1,1,7,9,16,0,0,0,0,0,0,1,1,2,0,0,0,0,0,0,0,0,0,0,0,0,0,0,0,28,32,60
4,13.76.01.1011,KOTO TANGAH,08 DIPLOMA IV/STRATA I,27,20,47,22,30,52,6,7,13,27,29,56,1,0,1,0,0,0,2,1,3,0,0,0,0,0,0,0,0,0,1,1,2,0,0,0,104,141,245
4,13.76.01.1011,KOTO TANGAH,09 STRATA-II,4,4,8,2,3,5,1,0,1,4,5,9,0,0,0,0,0,0,0,0,0,0,0,0,0,0,0,0,0,0,0,0,0,0,0,0,6,6,12
4,13.76.01.1013,SUBARANG BATUANG,01 TIDAK/BLM SEKOLAH,1,1,2,1,2,3,0,0,0,2,1,3,0,0,0,0,0,0,0,0,0,0,0,0,0,0,0,0,0,0,0,0,0,0,0,0,209,174,383
4,13.76.01.1013,SUBARANG BATUANG,02 BELUM TAMAT SD/SEDERAJAT,8,3,11,1,1,2,0,0,0,3,0,3,0,1,1,0,0,0,0,0,0,0,0,0,0,0,0,0,0,0,0,0,0,0,0,0,147,122,269
4,13.76.01.1013,SUBARANG BATUANG,10 STRATA-III,0,0,0,0,0,0,0,0,0,0,0,0,0,0,0,0,0,0,0,0,0,0,0,0,0,0,0,0,0,0,0,0,0,0,0,0,1,0,1
4,13.76.01.1013,SUBARANG BATUANG,09 STRATA-II,0,2,2,1,1,2,2,0,2,0,0,0,0,0,0,0,0,0,0,0,0,0,0,0,0,0,0,0,0,0,0,0,0,0,0,0,5,6,11
4,13.76.01.1013,SUBARANG BATUANG,08 DIPLOMA IV/STRATA I,23,23,46,11,9,20,5,5,10,16,21,37,2,1,3,0,0,0,0,1,1,0,0,0,0,0,0,0,0,0,1,0,1,0,0,0,52,90,142
4,13.76.01.1013,SUBARANG BATUANG,07 AKADEMI/DIPLOMA III/SARJANA MUDA,3,3,6,2,4,6,0,0,0,3,4,7,0,0,0,0,0,0,0,1,1,0,0,0,0,0,0,0,0,0,0,0,0,0,0,0,16,17,33
4,13.76.01.1013,SUBARANG BATUANG,06 DIPLOMA I/II,0,0,0,1,0,1,0,0,0,0,2,2,0,0,0,0,0,0,0,0,0,0,0,0,0,0,0,0,0,0,0,0,0,0,0,0,2,9,11
4,13.76.01.1013,SUBARANG BATUANG,05 SLTA/SEDERAJAT,33,49,82,8,4,12,2,5,7,17,13,30,1,2,3,0,0,0,1,0,1,0,0,0,0,1,1,0,0,0,1,2,3,0,0,0,290,274,564
4,13.76.01.1013,SUBARANG BATUANG,04 SLTP/SEDERAJAT,16,21,37,0,1,1,1,1,2,3,4,7,0,0,0,0,0,0,0,0,0,0,0,0,0,0,0,0,0,0,0,0,0,0,0,0,114,91,205
4,13.76.01.1013,SUBARANG BATUANG,03 TAMAT SD/SEDERAJAT,11,5,16,1,2,3,0,0,0,4,0,4,1,0,1,0,0,0,0,1,1,0,0,0,0,0,0,0,0,0,0,0,0,0,0,0,112,84,196
4,13.76.01.1016,PARIK RANTANG,01 TIDAK/BLM SEKOLAH,1,1,2,2,0,2,0,0,0,0,2,2,0,0,0,0,0,0,0,0,0,0,0,0,0,0,0,0,0,0,0,0,0,0,1,1,466,359,825
4,13.76.01.1016,PARIK RANTANG,09 STRATA-II,2,1,3,2,1,3,0,0,0,2,1,3,0,0,0,0,0,0,0,0,0,0,0,0,0,0,0,0,0,0,0,0,0,0,0,0,0,4,4
4,13.76.01.1016,PARIK RANTANG,08 DIPLOMA IV/STRATA I,8,15,23,10,23,33,8,3,11,21,21,42,0,1,1,0,0,0,0,1,1,0,1,1,1,0,1,0,0,0,2,2,4,0,0,0,111,156,267
4,13.76.01.1016,PARIK RANTANG,07 AKADEMI/DIPLOMA III/SARJANA MUDA,2,6,8,2,5,7,2,4,6,6,8,14,0,0,0,0,0,0,0,0,0,0,0,0,0,0,0,0,0,0,1,0,1,1,0,1,24,52,76
4,13.76.01.1016,PARIK RANTANG,10 STRATA-III,0,0,0,0,0,0,0,0,0,0,0,0,0,0,0,0,0,0,0,0,0,0,0,0,0,0,0,0,0,0,0,0,0,0,0,0,0,1,1
4,13.76.01.1016,PARIK RANTANG,05 SLTA/SEDERAJAT,35,49,84,19,25,44,14,9,23,46,52,98,1,2,3,0,0,0,2,1,3,0,0,0,3,1,4,0,0,0,0,1,1,0,1,1,843,796,1639
4,13.76.01.1016,PARIK RANTANG,04 SLTP/SEDERAJAT,15,9,24,5,7,12,2,0,2,9,10,19,0,0,0,0,0,0,0,1,1,0,0,0,0,0,0,0,0,0,1,0,1,1,0,1,368,330,698
4,13.76.01.1016,PARIK RANTANG,03 TAMAT SD/SEDERAJAT,2,4,6,2,4,6,1,1,2,6,8,14,0,0,0,0,0,0,1,0,1,0,0,0,0,0,0,0,0,0,0,0,0,0,0,0,279,295,574
4,13.76.01.1016,PARIK RANTANG,02 BELUM TAMAT SD/SEDERAJAT,11,4,15,1,0,1,1,0,1,5,1,6,0,0,0,0,0,0,0,0,0,0,0,0,0,0,0,0,0,0,0,0,0,1,0,1,296,257,553
4,13.76.01.1016,PARIK RANTANG,06 DIPLOMA I/II,0,0,0,0,1,1,1,1,2,1,1,2,0,0,0,0,0,0,0,0,0,0,0,0,0,0,0,0,0,0,0,0,0,0,0,0,5,11,16
4,13.76.01.1017,PARAK BATUANG,02 BELUM TAMAT SD/SEDERAJAT,1,2,3,0,0,0,0,0,0,0,0,0,0,0,0,0,0,0,1,0,1,0,0,0,0,0,0,0,0,0,0,0,0,0,0,0,54,52,106
4,13.76.01.1017,PARAK BATUANG,03 TAMAT SD/SEDERAJAT,6,5,11,0,1,1,0,0,0,0,1,1,0,0,0,0,0,0,0,0,0,0,0,0,0,0,0,0,0,0,0,0,0,0,0,0,42,45,87
4,13.76.01.1017,PARAK BATUANG,04 SLTP/SEDERAJAT,4,10,14,1,0,1,0,0,0,3,2,5,1,0,1,0,0,0,1,0,1,0,0,0,0,0,0,0,0,0,0,0,0,0,0,0,71,62,133
4,13.76.01.1017,PARAK BATUANG,05 SLTA/SEDERAJAT,12,15,27,4,5,9,1,3,4,19,10,29,1,3,4,0,0,0,0,3,3,0,0,0,0,0,0,0,0,0,0,0,0,0,0,0,150,143,293
4,13.76.01.1017,PARAK BATUANG,06 DIPLOMA I/II,0,0,0,0,0,0,0,0,0,0,1,1,0,0,0,0,0,0,0,0,0,0,0,0,0,0,0,0,0,0,0,0,0,0,0,0,2,2,4
4,13.76.01.1017,PARAK BATUANG,07 AKADEMI/DIPLOMA III/SARJANA MUDA,0,2,2,1,1,2,1,1,2,1,5,6,1,0,1,0,0,0,0,0,0,0,0,0,0,0,0,0,0,0,0,0,0,0,0,0,6,9,15
4,13.76.01.1017,PARAK BATUANG,08 DIPLOMA IV/STRATA I,3,5,8,0,3,3,0,0,0,5,7,12,0,0,0,0,0,0,0,0,0,0,0,0,0,0,0,0,0,0,0,0,0,0,0,0,20,30,50
4,13.76.01.1017,PARAK BATUANG,09 STRATA-II,0,0,0,0,0,0,0,0,0,1,1,2,0,0,0,0,0,0,0,0,0,0,0,0,0,0,0,0,0,0,0,0,0,0,0,0,1,0,1
4,13.76.01.1017,PARAK BATUANG,01 TIDAK/BLM SEKOLAH,0,0,0,0,0,0,0,0,0,0,0,0,0,0,0,0,0,0,0,0,0,0,0,0,0,0,0,0,0,0,0,0,0,0,0,0,77,64,141
4,13.76.01.1018,NUNANG DAYA BANGUN,01 TIDAK/BLM SEKOLAH,1,1,2,1,0,1,0,0,0,1,1,2,0,0,0,0,0,0,0,0,0,0,0,0,0,0,0,0,0,0,0,0,0,0,1,1,274,260,534
4,13.76.01.1018,NUNANG DAYA BANGUN,02 BELUM TAMAT SD/SEDERAJAT,0,1,1,0,1,1,1,0,1,3,0,3,2,0,2,0,0,0,0,0,0,0,0,0,0,0,0,0,0,0,0,0,0,0,0,0,202,196,398
4,13.76.01.1018,NUNANG DAYA BANGUN,03 TAMAT SD/SEDERAJAT,3,2,5,0,4,4,1,1,2,4,7,11,0,0,0,0,0,0,0,0,0,0,0,0,0,0,0,0,0,0,0,1,1,0,0,0,195,168,363
4,13.76.01.1018,NUNANG DAYA BANGUN,04 SLTP/SEDERAJAT,5,8,13,3,4,7,1,1,2,7,5,12,3,1,4,0,0,0,0,1,1,0,0,0,0,0,0,0,0,0,0,0,0,0,0,0,287,274,561
4,13.76.01.1018,NUNANG DAYA BANGUN,10 STRATA-III,0,0,0,0,0,0,0,0,0,0,0,0,0,0,0,0,0,0,0,0,0,0,0,0,0,0,0,0,0,0,0,0,0,0,0,0,0,1,1
4,13.76.01.1018,NUNANG DAYA BANGUN,06 DIPLOMA I/II,0,0,0,0,0,0,0,0,0,1,0,1,0,0,0,0,0,0,0,0,0,0,0,0,0,0,0,0,0,0,0,0,0,0,0,0,3,11,14
4,13.76.01.1018,NUNANG DAYA BANGUN,07 AKADEMI/DIPLOMA III/SARJANA MUDA,1,5,6,1,2,3,0,1,1,3,6,9,0,0,0,0,0,0,0,0,0,0,0,0,0,1,1,0,0,0,0,0,0,0,0,0,18,35,53
4,13.76.01.1018,NUNANG DAYA BANGUN,08 DIPLOMA IV/STRATA I,11,12,23,12,9,21,0,3,3,17,17,34,0,0,0,0,0,0,0,0,0,0,0,0,0,0,0,0,0,0,1,1,2,0,0,0,72,103,175
4,13.76.01.1018,NUNANG DAYA BANGUN,09 STRATA-II,3,1,4,1,1,2,0,0,0,1,1,2,0,0,0,0,0,0,0,0,0,0,0,0,0,0,0,0,0,0,0,0,0,0,0,0,5,3,8
4,13.76.01.1018,NUNANG DAYA BANGUN,05 SLTA/SEDERAJAT,25,18,43,17,22,39,6,5,11,48,25,73,1,3,4,0,1,1,0,1,1,0,0,0,0,0,0,0,0,0,2,0,2,0,0,0,577,636,1213
4,13.76.01.1020,LABUAH BASILANG,04 SLTP/SEDERAJAT,5,3,8,1,1,2,1,2,3,4,4,8,0,0,0,0,0,0,0,0,0,0,0,0,0,0,0,0,0,0,0,0,0,0,0,0,142,135,277
4,13.76.01.1020,LABUAH BASILANG,03 TAMAT SD/SEDERAJAT,0,1,1,0,0,0,0,0,0,3,1,4,0,0,0,0,0,0,0,0,0,0,0,0,0,0,0,0,0,0,0,0,0,0,0,0,72,69,141
4,13.76.01.1020,LABUAH BASILANG,02 BELUM TAMAT SD/SEDERAJAT,1,0,1,0,0,0,0,1,1,3,1,4,0,0,0,0,0,0,0,0,0,0,0,0,0,0,0,0,0,0,0,0,0,0,0,0,109,76,185
4,13.76.01.1020,LABUAH BASILANG,01 TIDAK/BLM SEKOLAH,1,2,3,0,0,0,0,0,0,3,0,3,0,0,0,0,0,0,0,0,0,0,0,0,0,0,0,0,0,0,0,0,0,0,0,0,144,154,298
4,13.76.01.1020,LABUAH BASILANG,09 STRATA-II,0,0,0,1,2,3,0,0,0,0,0,0,0,0,0,0,0,0,0,0,0,1,0,1,0,0,0,0,0,0,0,0,0,0,0,0,4,2,6
4,13.76.01.1020,LABUAH BASILANG,06 DIPLOMA I/II,0,1,1,0,0,0,0,0,0,0,1,1,0,0,0,0,0,0,0,0,0,0,0,0,0,0,0,1,0,1,0,0,0,0,0,0,2,4,6
4,13.76.01.1020,LABUAH BASILANG,07 AKADEMI/DIPLOMA III/SARJANA MUDA,1,1,2,0,4,4,1,4,5,2,7,9,0,0,0,0,0,0,0,0,0,0,0,0,0,0,0,0,0,0,0,0,0,0,0,0,13,26,39
4,13.76.01.1020,LABUAH BASILANG,08 DIPLOMA IV/STRATA I,6,15,21,8,11,19,2,1,3,16,9,25,0,0,0,0,0,0,1,0,1,0,0,0,0,0,0,0,0,0,0,0,0,0,0,0,32,79,111
4,13.76.01.1020,LABUAH BASILANG,05 SLTA/SEDERAJAT,21,21,42,13,12,25,6,3,9,38,17,55,0,1,1,0,0,0,2,1,3,0,0,0,0,0,0,0,0,0,0,0,0,0,0,0,344,342,686
4,13.76.01.1021,IBUAH,04 SLTP/SEDERAJAT,6,12,18,4,7,11,3,3,6,12,8,20,3,0,3,0,0,0,0,0,0,0,0,0,0,0,0,0,0,0,2,0,2,0,0,0,338,339,677
4,13.76.01.1021,IBUAH,03 TAMAT SD/SEDERAJAT,4,2,6,2,5,7,1,0,1,7,4,11,1,0,1,0,0,0,0,1,1,0,0,0,0,0,0,0,0,0,0,1,1,0,0,0,241,232,473
4,13.76.01.1021,IBUAH,02 BELUM TAMAT SD/SEDERAJAT,4,2,6,1,1,2,0,0,0,2,5,7,0,0,0,0,0,0,0,0,0,0,0,0,0,0,0,0,0,0,0,0,0,0,0,0,280,273,553
4,13.76.01.1021,IBUAH,01 TIDAK/BLM SEKOLAH,4,0,4,0,2,2,0,0,0,0,2,2,0,0,0,0,0,0,0,0,0,0,0,0,0,0,0,0,0,0,0,0,0,0,1,1,471,402,873
4,13.76.01.1021,IBUAH,05 SLTA/SEDERAJAT,39,28,67,18,28,46,5,15,20,64,34,98,2,3,5,0,0,0,0,2,2,0,0,0,0,3,3,0,0,0,0,0,0,0,0,0,822,778,1600
4,13.76.01.1021,IBUAH,09 STRATA-II,1,1,2,3,5,8,2,0,2,3,0,3,0,0,0,0,0,0,0,0,0,0,0,0,0,0,0,0,0,0,0,0,0,0,0,0,7,3,10
4,13.76.01.1021,IBUAH,08 DIPLOMA IV/STRATA I,13,23,36,9,15,24,3,12,15,22,34,56,0,2,2,0,0,0,2,2,4,0,0,0,2,1,3,0,0,0,0,3,3,0,0,0,108,162,270
4,13.76.01.1021,IBUAH,07 AKADEMI/DIPLOMA III/SARJANA MUDA,3,8,11,4,3,7,1,5,6,6,11,17,0,0,0,0,0,0,1,1,2,0,0,0,0,0,0,0,0,0,0,0,0,0,0,0,28,55,83
4,13.76.01.1021,IBUAH,06 DIPLOMA I/II,0,0,0,1,2,3,1,0,1,0,3,3,0,0,0,0,0,0,0,0,0,0,0,0,0,0,0,0,0,0,0,0,0,0,0,0,2,9,11
4,13.76.01.1022,TANJUANG PAUH,01 TIDAK/BLM SEKOLAH,1,2,3,1,0,1,0,0,0,2,1,3,0,0,0,0,0,0,0,0,0,0,0,0,0,0,0,0,0,0,0,0,0,0,1,1,342,326,668
4,13.76.01.1022,TANJUANG PAUH,02 BELUM TAMAT SD/SEDERAJAT,3,1,4,0,1,1,0,0,0,0,2,2,1,0,1,0,0,0,0,0,0,0,0,0,0,0,0,0,0,0,0,0,0,0,0,0,224,219,443
4,13.76.01.1022,TANJUANG PAUH,03 TAMAT SD/SEDERAJAT,4,4,8,1,0,1,2,1,3,1,2,3,0,0,0,0,0,0,0,0,0,0,0,0,0,0,0,0,0,0,0,0,0,0,0,0,159,196,355
4,13.76.01.1022,TANJUANG PAUH,04 SLTP/SEDERAJAT,6,5,11,2,2,4,2,0,2,4,5,9,0,0,0,0,0,0,0,0,0,0,0,0,0,0,0,0,0,0,0,0,0,0,0,0,268,257,525
4,13.76.01.1022,TANJUANG PAUH,10 STRATA-III,0,0,0,0,1,1,0,0,0,0,0,0,0,0,0,0,0,0,0,0,0,0,0,0,0,0,0,0,0,0,0,0,0,0,0,0,0,0,0
4,13.76.01.1022,TANJUANG PAUH,09 STRATA-II,3,3,6,2,3,5,2,1,3,4,4,8,0,0,0,0,0,0,0,0,0,0,0,0,0,0,0,0,0,0,0,0,0,0,0,0,8,7,15
4,13.76.01.1022,TANJUANG PAUH,08 DIPLOMA IV/STRATA I,17,22,39,18,16,34,7,4,11,13,43,56,0,1,1,0,0,0,1,1,2,0,0,0,0,0,0,0,1,1,1,0,1,0,0,0,107,141,248
4,13.76.01.1022,TANJUANG PAUH,07 AKADEMI/DIPLOMA III/SARJANA MUDA,2,8,10,6,4,10,1,2,3,4,8,12,0,0,0,0,0,0,0,0,0,0,1,1,0,0,0,0,0,0,0,0,0,0,0,0,29,46,75
4,13.76.01.1022,TANJUANG PAUH,06 DIPLOMA I/II,2,1,3,1,1,2,0,0,0,0,2,2,0,0,0,0,0,0,0,0,0,0,0,0,0,0,0,0,0,0,0,0,0,0,0,0,2,9,11
4,13.76.01.1022,TANJUANG PAUH,05 SLTA/SEDERAJAT,25,26,51,27,20,47,15,11,26,61,30,91,0,1,1,1,0,1,1,0,1,0,0,0,1,0,1,0,0,0,0,0,0,0,0,0,643,574,1217
4,13.76.01.1032,TANJUANGGODANG SUNGAIPINAGO,04 SLTP/SEDERAJAT,7,8,15,1,3,4,2,1,3,6,11,17,0,0,0,0,0,0,0,0,0,0,0,0,0,1,1,0,0,0,0,0,0,1,0,1,169,184,353
4,13.76.01.1032,TANJUANGGODANG SUNGAIPINAGO,03 TAMAT SD/SEDERAJAT,6,6,12,1,1,2,1,3,4,6,7,13,0,0,0,0,0,0,0,0,0,0,0,0,0,0,0,0,0,0,1,0,1,0,1,1,144,114,258
4,13.76.01.1032,TANJUANGGODANG SUNGAIPINAGO,02 BELUM TAMAT SD/SEDERAJAT,4,3,7,0,1,1,0,1,1,3,3,6,0,0,0,0,0,0,0,0,0,0,0,0,0,0,0,0,0,0,0,0,0,0,0,0,204,174,378
4,13.76.01.1032,TANJUANGGODANG SUNGAIPINAGO,01 TIDAK/BLM SEKOLAH,4,2,6,0,0,0,0,0,0,1,2,3,0,0,0,0,0,0,1,0,1,0,0,0,0,0,0,0,0,0,0,0,0,0,0,0,306,274,580
4,13.76.01.1032,TANJUANGGODANG SUNGAIPINAGO,10 STRATA-III,0,1,1,0,0,0,0,0,0,0,0,0,0,0,0,0,0,0,0,0,0,0,0,0,0,0,0,0,0,0,0,0,0,0,0,0,0,1,1
4,13.76.01.1032,TANJUANGGODANG SUNGAIPINAGO,06 DIPLOMA I/II,0,1,1,0,1,1,0,0,0,1,0,1,0,0,0,0,0,0,0,0,0,0,0,0,0,0,0,0,0,0,0,0,0,0,0,0,5,6,11
4,13.76.01.1032,TANJUANGGODANG SUNGAIPINAGO,07 AKADEMI/DIPLOMA III/SARJANA MUDA,6,11,17,5,7,12,0,6,6,12,17,29,0,1,1,0,0,0,0,0,0,0,0,0,0,0,0,0,0,0,0,0,0,0,0,0,40,58,98
4,13.76.01.1032,TANJUANGGODANG SUNGAIPINAGO,08 DIPLOMA IV/STRATA I,29,30,59,20,32,52,7,5,12,43,38,81,2,0,2,0,0,0,0,1,1,0,0,0,0,1,1,0,0,0,0,0,0,0,0,0,154,204,358
4,13.76.01.1032,TANJUANGGODANG SUNGAIPINAGO,09 STRATA-II,6,3,9,5,1,6,3,1,4,8,6,14,0,0,0,0,0,0,0,0,0,0,0,0,0,0,0,0,0,0,0,0,0,0,0,0,7,14,21
4,13.76.01.1032,TANJUANGGODANG SUNGAIPINAGO,05 SLTA/SEDERAJAT,43,43,86,21,26,47,12,5,17,58,66,124,0,1,1,0,0,0,0,2,2,0,0,0,0,1,1,0,0,0,2,2,4,0,1,1,562,498,1060
4,13.76.01.1033,PADANGTONGAH BALAINANDUO,04 SLTP/SEDERAJAT,7,6,13,5,2,7,1,2,3,7,11,18,0,0,0,0,0,0,0,2,2,0,0,0,0,0,0,0,0,0,0,0,0,0,0,0,166,175,341
4,13.76.01.1033,PADANGTONGAH BALAINANDUO,03 TAMAT SD/SEDERAJAT,2,3,5,1,2,3,1,2,3,3,2,5,0,0,0,0,0,0,0,0,0,0,0,0,0,0,0,0,0,0,0,0,0,0,0,0,104,70,174
4,13.76.01.1033,PADANGTONGAH BALAINANDUO,02 BELUM TAMAT SD/SEDERAJAT,0,1,1,1,0,1,0,0,0,1,2,3,0,0,0,0,0,0,0,0,0,0,0,0,0,0,0,0,0,0,0,0,0,0,0,0,140,144,284
4,13.76.01.1033,PADANGTONGAH BALAINANDUO,01 TIDAK/BLM SEKOLAH,0,1,1,1,2,3,0,0,0,1,0,1,0,0,0,0,0,0,0,0,0,0,0,0,0,0,0,0,0,0,0,0,0,0,0,0,211,218,429
4,13.76.01.1033,PADANGTONGAH BALAINANDUO,05 SLTA/SEDERAJAT,22,32,54,16,22,38,16,6,22,40,38,78,1,0,1,0,1,1,0,2,2,0,0,0,0,0,0,0,1,1,0,2,2,0,0,0,442,441,883
4,13.76.01.1033,PADANGTONGAH BALAINANDUO,10 STRATA-III,0,1,1,0,0,0,0,0,0,0,0,0,0,0,0,0,0,0,0,0,0,0,0,0,0,0,0,0,0,0,0,0,0,0,0,0,1,0,1
4,13.76.01.1033,PADANGTONGAH BALAINANDUO,09 STRATA-II,1,1,2,1,1,2,1,0,1,2,3,5,0,0,0,0,0,0,1,0,1,0,0,0,0,0,0,0,0,0,0,0,0,0,0,0,6,8,14
4,13.76.01.1033,PADANGTONGAH BALAINANDUO,08 DIPLOMA IV/STRATA I,15,30,45,15,19,34,2,3,5,20,24,44,0,1,1,0,0,0,1,0,1,0,0,0,0,0,0,0,0,0,0,1,1,0,0,0,91,124,215
4,13.76.01.1033,PADANGTONGAH BALAINANDUO,07 AKADEMI/DIPLOMA III/SARJANA MUDA,3,8,11,1,2,3,1,2,3,6,4,10,0,0,0,0,0,0,0,0,0,0,0,0,0,0,0,0,0,0,1,0,1,0,0,0,23,43,66
4,13.76.01.1033,PADANGTONGAH BALAINANDUO,06 DIPLOMA I/II,1,1,2,0,1,1,0,0,0,0,2,2,0,0,0,0,0,0,0,0,0,0,0,0,0,0,0,0,0,0,0,0,0,0,0,0,3,9,12
4,13.76.01.1034,PADANGDATA TANAHMATI,01 TIDAK/BLM SEKOLAH,0,0,0,0,1,1,0,0,0,0,1,1,0,0,0,0,0,0,0,0,0,0,0,0,0,0,0,0,0,0,0,0,0,0,0,0,261,227,488
4,13.76.01.1034,PADANGDATA TANAHMATI,02 BELUM TAMAT SD/SEDERAJAT,6,8,14,0,1,1,0,0,0,3,1,4,0,0,0,0,0,0,0,0,0,0,0,0,0,0,0,0,0,0,0,0,0,0,0,0,174,152,326
4,13.76.01.1034,PADANGDATA TANAHMATI,03 TAMAT SD/SEDERAJAT,3,3,6,2,2,4,2,1,3,7,2,9,0,0,0,0,0,0,0,1,1,0,0,0,1,0,1,0,0,0,0,0,0,0,0,0,198,156,354
4,13.76.01.1034,PADANGDATA TANAHMATI,08 DIPLOMA IV/STRATA I,8,9,17,7,13,20,2,3,5,14,12,26,0,0,0,0,0,0,1,0,1,0,0,0,0,0,0,0,0,0,1,0,1,0,0,0,48,91,139
4,13.76.01.1034,PADANGDATA TANAHMATI,09 STRATA-II,0,1,1,0,0,0,1,0,1,1,2,3,0,0,0,0,0,0,0,0,0,0,0,0,0,0,0,0,0,0,0,0,0,0,0,0,1,2,3
4,13.76.01.1034,PADANGDATA TANAHMATI,06 DIPLOMA I/II,0,1,1,0,0,0,0,0,0,0,0,0,0,0,0,0,0,0,0,0,0,0,0,0,0,0,0,0,0,0,0,0,0,0,0,0,3,9,12
4,13.76.01.1034,PADANGDATA TANAHMATI,05 SLTA/SEDERAJAT,12,23,35,8,10,18,6,9,15,25,25,50,1,1,2,0,0,0,2,1,3,0,0,0,0,0,0,0,0,0,0,0,0,0,0,0,445,458,903
4,13.76.01.1034,PADANGDATA TANAHMATI,04 SLTP/SEDERAJAT,8,13,21,3,1,4,3,2,5,3,10,13,0,1,1,0,0,0,1,1,2,0,0,0,0,0,0,0,0,0,0,0,0,0,0,0,222,191,413
4,13.76.01.1034,PADANGDATA TANAHMATI,07 AKADEMI/DIPLOMA III/SARJANA MUDA,2,4,6,0,1,1,0,0,0,3,1,4,0,0,0,0,0,0,0,0,0,0,0,0,0,0,0,0,0,0,0,0,0,0,0,0,16,31,47
3,13.76.02,PAYAKUMBUH UTARA,01 TIDAK/BLM SEKOLAH,19,12,31,11,1,12,5,3,8,13,10,23,0,0,0,0,0,0,0,0,0,0,0,0,0,0,0,0,0,0,1,0,1,2,2,4,2998,2768,5766
3,13.76.02,PAYAKUMBUH UTARA,02 BELUM TAMAT SD/SEDERAJAT,36,33,69,4,7,11,5,3,8,22,9,31,0,0,0,0,0,0,1,0,1,0,0,0,0,0,0,0,0,0,0,0,0,0,2,2,1930,1840,3770
3,13.76.02,PAYAKUMBUH UTARA,03 TAMAT SD/SEDERAJAT,82,85,167,24,25,49,21,16,37,69,45,114,3,4,7,0,0,0,1,2,3,0,0,0,0,0,0,0,0,0,1,0,1,1,0,1,1958,1789,3747
3,13.76.02,PAYAKUMBUH UTARA,04 SLTP/SEDERAJAT,121,140,261,24,41,65,16,19,35,98,79,177,3,4,7,0,0,0,0,1,1,0,0,0,1,0,1,0,0,0,1,0,1,1,3,4,2231,1918,4149
3,13.76.02,PAYAKUMBUH UTARA,05 SLTA/SEDERAJAT,396,416,812,203,208,411,112,93,205,446,373,819,11,10,21,0,1,1,7,5,12,0,1,1,3,4,7,2,0,2,8,5,13,1,3,4,4703,4454,9157
3,13.76.02,PAYAKUMBUH UTARA,06 DIPLOMA I/II,5,14,19,2,13,15,1,5,6,3,16,19,0,1,1,0,0,0,0,0,0,0,0,0,0,0,0,0,0,0,0,0,0,0,0,0,28,90,118
3,13.76.02,PAYAKUMBUH UTARA,07 AKADEMI/DIPLOMA III/SARJANA MUDA,47,77,124,31,42,73,16,22,38,44,86,130,0,1,1,0,0,0,0,0,0,0,0,0,2,0,2,0,0,0,0,1,1,0,0,0,231,344,575
3,13.76.02,PAYAKUMBUH UTARA,08 DIPLOMA IV/STRATA I,163,264,427,112,181,293,52,80,132,192,283,475,9,7,16,1,0,1,2,3,5,0,0,0,1,3,4,2,0,2,3,7,10,1,0,1,704,1096,1800
3,13.76.02,PAYAKUMBUH UTARA,09 STRATA-II,18,24,42,20,15,35,5,7,12,18,22,40,0,0,0,0,0,0,0,0,0,0,0,0,1,0,1,0,0,0,0,0,0,0,0,0,33,49,82
3,13.76.02,PAYAKUMBUH UTARA,10 STRATA-III,0,1,1,0,1,1,0,0,0,2,2,4,0,0,0,0,0,0,0,0,0,0,0,0,0,0,0,0,0,0,0,0,0,0,0,0,2,1,3
4,13.76.02.1002,NAPAR,01 TIDAK/BLM SEKOLAH,2,2,4,0,0,0,1,0,1,2,0,2,0,0,0,0,0,0,0,0,0,0,0,0,0,0,0,0,0,0,0,0,0,0,0,0,280,263,543
4,13.76.02.1002,NAPAR,02 BELUM TAMAT SD/SEDERAJAT,3,5,8,0,1,1,1,0,1,3,0,3,0,0,0,0,0,0,0,0,0,0,0,0,0,0,0,0,0,0,0,0,0,0,1,1,164,162,326
4,13.76.02.1002,NAPAR,03 TAMAT SD/SEDERAJAT,12,12,24,4,3,7,0,2,2,7,6,13,0,0,0,0,0,0,1,0,1,0,0,0,0,0,0,0,0,0,0,0,0,0,0,0,190,175,365
4,13.76.02.1002,NAPAR,04 SLTP/SEDERAJAT,17,18,35,1,2,3,0,1,1,5,4,9,0,0,0,0,0,0,0,0,0,0,0,0,0,0,0,0,0,0,0,0,0,0,0,0,203,176,379
4,13.76.02.1002,NAPAR,09 STRATA-II,2,0,2,1,3,4,0,0,0,1,1,2,0,0,0,0,0,0,0,0,0,0,0,0,0,0,0,0,0,0,0,0,0,0,0,0,1,4,5
4,13.76.02.1002,NAPAR,06 DIPLOMA I/II,0,0,0,0,2,2,0,2,2,0,1,1,0,0,0,0,0,0,0,0,0,0,0,0,0,0,0,0,0,0,0,0,0,0,0,0,1,3,4
4,13.76.02.1002,NAPAR,07 AKADEMI/DIPLOMA III/SARJANA MUDA,1,8,9,2,5,7,0,1,1,5,2,7,0,0,0,0,0,0,0,0,0,0,0,0,0,0,0,0,0,0,0,0,0,0,0,0,16,27,43
4,13.76.02.1002,NAPAR,08 DIPLOMA IV/STRATA I,11,13,24,6,12,18,1,3,4,13,22,35,1,0,1,0,0,0,0,0,0,0,0,0,0,0,0,0,0,0,0,0,0,0,0,0,49,71,120
4,13.76.02.1002,NAPAR,10 STRATA-III,0,0,0,0,0,0,0,0,0,1,0,1,0,0,0,0,0,0,0,0,0,0,0,0,0,0,0,0,0,0,0,0,0,0,0,0,1,0,1
4,13.76.02.1002,NAPAR,05 SLTA/SEDERAJAT,55,60,115,18,10,28,12,6,18,34,21,55,1,0,1,0,0,0,0,0,0,0,0,0,0,0,0,0,0,0,0,0,0,0,0,0,401,400,801
4,13.76.02.1032,OMPANG TANAH SIRAH,09 STRATA-II,1,2,3,3,0,3,0,0,0,0,0,0,0,0,0,0,0,0,0,0,0,0,0,0,0,0,0,0,0,0,0,0,0,0,0,0,2,3,5
4,13.76.02.1032,OMPANG TANAH SIRAH,08 DIPLOMA IV/STRATA I,18,34,52,8,16,24,1,7,8,11,25,36,0,1,1,0,0,0,1,0,1,0,0,0,1,0,1,0,0,0,0,0,0,0,0,0,57,102,159
4,13.76.02.1032,OMPANG TANAH SIRAH,07 AKADEMI/DIPLOMA III/SARJANA MUDA,4,11,15,2,4,6,2,3,5,3,3,6,0,0,0,0,0,0,0,0,0,0,0,0,0,0,0,0,0,0,0,0,0,0,0,0,27,19,46
4,13.76.02.1032,OMPANG TANAH SIRAH,06 DIPLOMA I/II,0,1,1,0,2,2,0,0,0,0,0,0,0,0,0,0,0,0,0,0,0,0,0,0,0,0,0,0,0,0,0,0,0,0,0,0,1,9,10
4,13.76.02.1032,OMPANG TANAH SIRAH,05 SLTA/SEDERAJAT,36,33,69,13,15,28,10,11,21,25,11,36,0,1,1,0,0,0,1,0,1,0,1,1,0,0,0,0,0,0,1,0,1,0,0,0,413,410,823
4,13.76.02.1032,OMPANG TANAH SIRAH,04 SLTP/SEDERAJAT,7,12,19,2,5,7,1,0,1,4,4,8,0,0,0,0,0,0,0,0,0,0,0,0,0,0,0,0,0,0,0,0,0,0,0,0,237,184,421
4,13.76.02.1032,OMPANG TANAH SIRAH,01 TIDAK/BLM SEKOLAH,0,1,1,0,0,0,0,0,0,0,0,0,0,0,0,0,0,0,0,0,0,0,0,0,0,0,0,0,0,0,0,0,0,0,0,0,288,309,597
4,13.76.02.1032,OMPANG TANAH SIRAH,02 BELUM TAMAT SD/SEDERAJAT,3,3,6,1,1,2,0,0,0,0,0,0,0,0,0,0,0,0,1,0,1,0,0,0,0,0,0,0,0,0,0,0,0,0,0,0,190,190,380
4,13.76.02.1032,OMPANG TANAH SIRAH,03 TAMAT SD/SEDERAJAT,10,12,22,1,0,1,4,1,5,1,3,4,0,0,0,0,0,0,0,0,0,0,0,0,0,0,0,0,0,0,0,0,0,1,0,1,257,235,492
4,13.76.02.1033,TARATAK PADANG KAMPUANG,09 STRATA-II,0,0,0,0,0,0,0,0,0,0,1,1,0,0,0,0,0,0,0,0,0,0,0,0,0,0,0,0,0,0,0,0,0,0,0,0,2,2,4
4,13.76.02.1033,TARATAK PADANG KAMPUANG,08 DIPLOMA IV/STRATA I,7,6,13,3,6,9,1,1,2,2,8,10,1,0,1,0,0,0,0,0,0,0,0,0,0,0,0,0,0,0,0,0,0,0,0,0,27,38,65
4,13.76.02.1033,TARATAK PADANG KAMPUANG,07 AKADEMI/DIPLOMA III/SARJANA MUDA,3,2,5,1,2,3,2,1,3,0,3,3,0,0,0,0,0,0,0,0,0,0,0,0,0,0,0,0,0,0,0,0,0,0,0,0,7,18,25
4,13.76.02.1033,TARATAK PADANG KAMPUANG,06 DIPLOMA I/II,0,0,0,0,0,0,0,0,0,0,0,0,0,0,0,0,0,0,0,0,0,0,0,0,0,0,0,0,0,0,0,0,0,0,0,0,3,7,10
4,13.76.02.1033,TARATAK PADANG KAMPUANG,01 TIDAK/BLM SEKOLAH,0,1,1,1,0,1,0,0,0,0,1,1,0,0,0,0,0,0,0,0,0,0,0,0,0,0,0,0,0,0,0,0,0,0,0,0,179,185,364
4,13.76.02.1033,TARATAK PADANG KAMPUANG,04 SLTP/SEDERAJAT,1,3,4,1,1,2,1,1,2,4,6,10,1,0,1,0,0,0,0,0,0,0,0,0,0,0,0,0,0,0,0,0,0,1,0,1,133,105,238
4,13.76.02.1033,TARATAK PADANG KAMPUANG,03 TAMAT SD/SEDERAJAT,5,2,7,0,0,0,0,0,0,2,1,3,0,0,0,0,0,0,0,0,0,0,0,0,0,0,0,0,0,0,0,0,0,0,0,0,144,128,272
4,13.76.02.1033,TARATAK PADANG KAMPUANG,02 BELUM TAMAT SD/SEDERAJAT,0,0,0,0,0,0,0,0,0,2,0,2,0,0,0,0,0,0,0,0,0,0,0,0,0,0,0,0,0,0,0,0,0,0,0,0,118,115,233
4,13.76.02.1033,TARATAK PADANG KAMPUANG,05 SLTA/SEDERAJAT,15,18,33,10,10,20,3,7,10,22,18,40,0,1,1,0,0,0,1,0,1,0,0,0,0,0,0,0,0,0,0,0,0,0,0,0,231,231,462
4,13.76.02.1034,TIGO KOTO DIBARUAH,10 STRATA-III,0,0,0,0,1,1,0,0,0,0,0,0,0,0,0,0,0,0,0,0,0,0,0,0,0,0,0,0,0,0,0,0,0,0,0,0,0,0,0
4,13.76.02.1034,TIGO KOTO DIBARUAH,09 STRATA-II,3,1,4,4,3,7,1,0,1,1,3,4,0,0,0,0,0,0,0,0,0,0,0,0,0,0,0,0,0,0,0,0,0,0,0,0,4,6,10
4,13.76.02.1034,TIGO KOTO DIBARUAH,08 DIPLOMA IV/STRATA I,26,38,64,14,21,35,5,10,15,21,37,58,1,1,2,0,0,0,0,1,1,0,0,0,0,2,2,1,0,1,0,0,0,0,0,0,84,115,199
4,13.76.02.1034,TIGO KOTO DIBARUAH,07 AKADEMI/DIPLOMA III/SARJANA MUDA,11,9,20,3,2,5,2,0,2,8,17,25,0,1,1,0,0,0,0,0,0,0,0,0,0,0,0,0,0,0,0,0,0,0,0,0,35,50,85
4,13.76.02.1034,TIGO KOTO DIBARUAH,06 DIPLOMA I/II,1,3,4,0,3,3,0,0,0,0,0,0,0,0,0,0,0,0,0,0,0,0,0,0,0,0,0,0,0,0,0,0,0,0,0,0,5,8,13
4,13.76.02.1034,TIGO KOTO DIBARUAH,05 SLTA/SEDERAJAT,58,72,130,19,21,40,13,6,19,46,51,97,2,2,4,0,0,0,0,0,0,0,0,0,0,1,1,0,0,0,2,1,3,0,0,0,589,555,1144
4,13.76.02.1034,TIGO KOTO DIBARUAH,02 BELUM TAMAT SD/SEDERAJAT,6,3,9,0,2,2,1,0,1,4,1,5,0,0,0,0,0,0,0,0,0,0,0,0,0,0,0,0,0,0,0,0,0,0,1,1,274,248,522
4,13.76.02.1034,TIGO KOTO DIBARUAH,03 TAMAT SD/SEDERAJAT,13,17,30,5,4,9,4,2,6,11,2,13,0,0,0,0,0,0,0,0,0,0,0,0,0,0,0,0,0,0,0,0,0,0,0,0,310,295,605
4,13.76.02.1034,TIGO KOTO DIBARUAH,04 SLTP/SEDERAJAT,34,39,73,3,7,10,2,4,6,13,12,25,0,0,0,0,0,0,0,0,0,0,0,0,0,0,0,0,0,0,0,0,0,0,0,0,298,276,574
4,13.76.02.1034,TIGO KOTO DIBARUAH,01 TIDAK/BLM SEKOLAH,2,3,5,3,1,4,0,0,0,3,1,4,0,0,0,0,0,0,0,0,0,0,0,0,0,0,0,0,0,0,0,0,0,1,0,1,415,368,783
4,13.76.02.1035,TIGO KOTO DIATE,01 TIDAK/BLM SEKOLAH,2,4,6,1,0,1,1,1,2,3,3,6,0,0,0,0,0,0,0,0,0,0,0,0,0,0,0,0,0,0,1,0,1,1,0,1,516,482,998
4,13.76.02.1035,TIGO KOTO DIATE,02 BELUM TAMAT SD/SEDERAJAT,9,10,19,0,0,0,2,1,3,7,3,10,0,0,0,0,0,0,0,0,0,0,0,0,0,0,0,0,0,0,0,0,0,0,0,0,305,321,626
4,13.76.02.1035,TIGO KOTO DIATE,03 TAMAT SD/SEDERAJAT,11,9,20,5,5,10,5,4,9,15,10,25,2,2,4,0,0,0,0,0,0,0,0,0,0,0,0,0,0,0,0,0,0,0,0,0,352,286,638
4,13.76.02.1035,TIGO KOTO DIATE,04 SLTP/SEDERAJAT,23,16,39,2,7,9,4,2,6,15,10,25,0,1,1,0,0,0,0,0,0,0,0,0,0,0,0,0,0,0,1,0,1,0,1,1,338,296,634
4,13.76.02.1035,TIGO KOTO DIATE,09 STRATA-II,6,6,12,4,3,7,1,2,3,6,7,13,0,0,0,0,0,0,0,0,0,0,0,0,0,0,0,0,0,0,0,0,0,0,0,0,5,8,13
4,13.76.02.1035,TIGO KOTO DIATE,06 DIPLOMA I/II,1,3,4,1,0,1,0,1,1,0,3,3,0,1,1,0,0,0,0,0,0,0,0,0,0,0,0,0,0,0,0,0,0,0,0,0,3,15,18
4,13.76.02.1035,TIGO KOTO DIATE,07 AKADEMI/DIPLOMA III/SARJANA MUDA,8,14,22,4,11,15,2,4,6,8,16,24,0,0,0,0,0,0,0,0,0,0,0,0,0,0,0,0,0,0,0,0,0,0,0,0,39,60,99
4,13.76.02.1035,TIGO KOTO DIATE,08 DIPLOMA IV/STRATA I,28,47,75,20,29,49,14,13,27,28,46,74,2,1,3,1,0,1,0,1,1,0,0,0,0,0,0,1,0,1,1,3,4,0,0,0,119,175,294
4,13.76.02.1035,TIGO KOTO DIATE,05 SLTA/SEDERAJAT,65,52,117,27,30,57,13,16,29,71,47,118,1,2,3,0,1,1,1,1,2,0,0,0,1,0,1,1,0,1,0,0,0,0,1,1,732,692,1424
4,13.76.02.1036,IKUA KOTO DIBALAI,02 BELUM TAMAT SD/SEDERAJAT,1,1,2,1,1,2,0,0,0,1,0,1,0,0,0,0,0,0,0,0,0,0,0,0,0,0,0,0,0,0,0,0,0,0,0,0,188,185,373
4,13.76.02.1036,IKUA KOTO DIBALAI,09 STRATA-II,1,2,3,1,0,1,0,0,0,1,1,2,0,0,0,0,0,0,0,0,0,0,0,0,1,0,1,0,0,0,0,0,0,0,0,0,3,7,10
4,13.76.02.1036,IKUA KOTO DIBALAI,08 DIPLOMA IV/STRATA I,10,31,41,8,16,24,6,9,15,19,35,54,1,0,1,0,0,0,1,0,1,0,0,0,0,0,0,0,0,0,1,3,4,1,0,1,61,118,179
4,13.76.02.1036,IKUA KOTO DIBALAI,07 AKADEMI/DIPLOMA III/SARJANA MUDA,3,9,12,5,3,8,0,3,3,6,5,11,0,0,0,0,0,0,0,0,0,0,0,0,0,0,0,0,0,0,0,1,1,0,0,0,20,24,44
4,13.76.02.1036,IKUA KOTO DIBALAI,06 DIPLOMA I/II,1,2,3,1,1,2,0,0,0,0,3,3,0,0,0,0,0,0,0,0,0,0,0,0,0,0,0,0,0,0,0,0,0,0,0,0,2,11,13
4,13.76.02.1036,IKUA KOTO DIBALAI,05 SLTA/SEDERAJAT,43,38,81,14,23,37,12,12,24,42,28,70,0,1,1,0,0,0,0,2,2,0,0,0,0,2,2,0,0,0,2,2,4,1,1,2,533,471,1004
4,13.76.02.1036,IKUA KOTO DIBALAI,01 TIDAK/BLM SEKOLAH,1,0,1,1,0,1,0,1,1,0,3,3,0,0,0,0,0,0,0,0,0,0,0,0,0,0,0,0,0,0,0,0,0,0,1,1,347,254,601
4,13.76.02.1036,IKUA KOTO DIBALAI,03 TAMAT SD/SEDERAJAT,9,8,17,3,3,6,4,3,7,12,11,23,0,1,1,0,0,0,0,1,1,0,0,0,0,0,0,0,0,0,0,0,0,0,0,0,263,228,491
4,13.76.02.1036,IKUA KOTO DIBALAI,04 SLTP/SEDERAJAT,16,15,31,5,2,7,2,3,5,4,6,10,0,1,1,0,0,0,0,0,0,0,0,0,0,0,0,0,0,0,0,0,0,0,0,0,254,215,469
4,13.76.02.1037,BALAI TONGAH KOTO,01 TIDAK/BLM SEKOLAH,3,0,3,1,0,1,2,0,2,1,0,1,0,0,0,0,0,0,0,0,0,0,0,0,0,0,0,0,0,0,0,0,0,0,1,1,254,233,487
4,13.76.02.1037,BALAI TONGAH KOTO,02 BELUM TAMAT SD/SEDERAJAT,2,1,3,0,2,2,0,0,0,0,2,2,0,0,0,0,0,0,0,0,0,0,0,0,0,0,0,0,0,0,0,0,0,0,0,0,154,150,304
4,13.76.02.1037,BALAI TONGAH KOTO,03 TAMAT SD/SEDERAJAT,8,9,17,0,4,4,0,2,2,1,3,4,0,0,0,0,0,0,0,0,0,0,0,0,0,0,0,0,0,0,0,0,0,0,0,0,130,123,253
4,13.76.02.1037,BALAI TONGAH KOTO,04 SLTP/SEDERAJAT,4,8,12,2,4,6,2,0,2,8,5,13,0,0,0,0,0,0,0,0,0,0,0,0,0,0,0,0,0,0,0,0,0,0,1,1,171,158,329
4,13.76.02.1037,BALAI TONGAH KOTO,05 SLTA/SEDERAJAT,20,24,44,17,17,34,9,3,12,39,32,71,1,0,1,0,0,0,3,0,3,0,0,0,0,0,0,0,0,0,3,1,4,0,1,1,419,398,817
4,13.76.02.1037,BALAI TONGAH KOTO,06 DIPLOMA I/II,0,1,1,0,1,1,0,0,0,1,2,3,0,0,0,0,0,0,0,0,0,0,0,0,0,0,0,0,0,0,0,0,0,0,0,0,4,11,15
4,13.76.02.1037,BALAI TONGAH KOTO,07 AKADEMI/DIPLOMA III/SARJANA MUDA,6,5,11,2,3,5,3,2,5,1,7,8,0,0,0,0,0,0,0,0,0,0,0,0,0,0,0,0,0,0,0,0,0,0,0,0,24,32,56
4,13.76.02.1037,BALAI TONGAH KOTO,08 DIPLOMA IV/STRATA I,13,27,40,12,17,29,2,15,17,20,28,48,0,0,0,0,0,0,0,1,1,0,0,0,0,0,0,0,0,0,1,0,1,0,0,0,75,122,197
4,13.76.02.1037,BALAI TONGAH KOTO,09 STRATA-II,0,2,2,0,2,2,0,3,3,2,3,5,0,0,0,0,0,0,0,0,0,0,0,0,0,0,0,0,0,0,0,0,0,0,0,0,5,6,11
4,13.76.02.1037,BALAI TONGAH KOTO,10 STRATA-III,0,1,1,0,0,0,0,0,0,0,0,0,0,0,0,0,0,0,0,0,0,0,0,0,0,0,0,0,0,0,0,0,0,0,0,0,0,0,0
4,13.76.02.1038,KAPALO KOTO DIBALAI,01 TIDAK/BLM SEKOLAH,3,0,3,1,0,1,0,0,0,0,0,0,0,0,0,0,0,0,0,0,0,0,0,0,0,0,0,0,0,0,0,0,0,0,0,0,273,294,567
4,13.76.02.1038,KAPALO KOTO DIBALAI,02 BELUM TAMAT SD/SEDERAJAT,4,3,7,0,0,0,1,0,1,1,1,2,0,0,0,0,0,0,0,0,0,0,0,0,0,0,0,0,0,0,0,0,0,0,0,0,215,205,420
4,13.76.02.1038,KAPALO KOTO DIBALAI,10 STRATA-III,0,0,0,0,0,0,0,0,0,1,2,3,0,0,0,0,0,0,0,0,0,0,0,0,0,0,0,0,0,0,0,0,0,0,0,0,1,0,1
4,13.76.02.1038,KAPALO KOTO DIBALAI,09 STRATA-II,1,5,6,3,2,5,0,0,0,2,2,4,0,0,0,0,0,0,0,0,0,0,0,0,0,0,0,0,0,0,0,0,0,0,0,0,5,3,8
4,13.76.02.1038,KAPALO KOTO DIBALAI,08 DIPLOMA IV/STRATA I,20,33,53,18,23,41,11,6,17,26,35,61,1,2,3,0,0,0,0,0,0,0,0,0,0,0,0,0,0,0,0,0,0,0,0,0,109,147,256
4,13.76.02.1038,KAPALO KOTO DIBALAI,07 AKADEMI/DIPLOMA III/SARJANA MUDA,6,9,15,4,7,11,4,4,8,4,9,13,0,0,0,0,0,0,0,0,0,0,0,0,0,0,0,0,0,0,0,0,0,0,0,0,27,46,73
4,13.76.02.1038,KAPALO KOTO DIBALAI,06 DIPLOMA I/II,0,3,3,0,1,1,0,0,0,1,3,4,0,0,0,0,0,0,0,0,0,0,0,0,0,0,0,0,0,0,0,0,0,0,0,0,5,14,19
4,13.76.02.1038,KAPALO KOTO DIBALAI,05 SLTA/SEDERAJAT,45,39,84,39,32,71,11,14,25,74,67,141,2,1,3,0,0,0,0,0,0,0,0,0,2,1,3,0,0,0,0,1,1,0,0,0,573,576,1149
4,13.76.02.1038,KAPALO KOTO DIBALAI,04 SLTP/SEDERAJAT,5,10,15,3,6,9,1,0,1,13,13,26,0,0,0,0,0,0,0,0,0,0,0,0,0,0,0,0,0,0,0,0,0,0,1,1,262,218,480
4,13.76.02.1038,KAPALO KOTO DIBALAI,03 TAMAT SD/SEDERAJAT,3,5,8,3,1,4,1,0,1,11,1,12,0,0,0,0,0,0,0,0,0,0,0,0,0,0,0,0,0,0,1,0,1,0,0,0,130,132,262
4,13.76.02.1039,KOTOKOCIAK KUBU TAPAKRAJO,01 TIDAK/BLM SEKOLAH,6,1,7,3,0,3,1,1,2,4,2,6,0,0,0,0,0,0,0,0,0,0,0,0,0,0,0,0,0,0,0,0,0,0,0,0,446,380,826
4,13.76.02.1039,KOTOKOCIAK KUBU TAPAKRAJO,09 STRATA-II,4,6,10,4,2,6,3,2,5,5,4,9,0,0,0,0,0,0,0,0,0,0,0,0,0,0,0,0,0,0,0,0,0,0,0,0,6,10,16
4,13.76.02.1039,KOTOKOCIAK KUBU TAPAKRAJO,08 DIPLOMA IV/STRATA I,30,35,65,23,41,64,11,16,27,52,47,99,2,2,4,0,0,0,0,0,0,0,0,0,0,1,1,0,0,0,0,1,1,0,0,0,123,208,331
4,13.76.02.1039,KOTOKOCIAK KUBU TAPAKRAJO,07 AKADEMI/DIPLOMA III/SARJANA MUDA,5,10,15,8,5,13,1,4,5,9,24,33,0,0,0,0,0,0,0,0,0,0,0,0,2,0,2,0,0,0,0,0,0,0,0,0,36,68,104
4,13.76.02.1039,KOTOKOCIAK KUBU TAPAKRAJO,10 STRATA-III,0,0,0,0,0,0,0,0,0,0,0,0,0,0,0,0,0,0,0,0,0,0,0,0,0,0,0,0,0,0,0,0,0,0,0,0,0,1,1
4,13.76.02.1039,KOTOKOCIAK KUBU TAPAKRAJO,05 SLTA/SEDERAJAT,59,80,139,46,50,96,29,18,47,93,98,191,4,2,6,0,0,0,1,2,3,0,0,0,0,0,0,1,0,1,0,0,0,0,0,0,812,721,1533
4,13.76.02.1039,KOTOKOCIAK KUBU TAPAKRAJO,04 SLTP/SEDERAJAT,14,19,33,5,7,12,3,8,11,32,19,51,2,2,4,0,0,0,0,1,1,0,0,0,1,0,1,0,0,0,0,0,0,0,0,0,335,290,625
4,13.76.02.1039,KOTOKOCIAK KUBU TAPAKRAJO,03 TAMAT SD/SEDERAJAT,11,11,22,3,5,8,3,2,5,9,8,17,1,1,2,0,0,0,0,1,1,0,0,0,0,0,0,0,0,0,0,0,0,0,0,0,182,187,369
4,13.76.02.1039,KOTOKOCIAK KUBU TAPAKRAJO,02 BELUM TAMAT SD/SEDERAJAT,8,7,15,2,0,2,0,2,2,4,2,6,0,0,0,0,0,0,0,0,0,0,0,0,0,0,0,0,0,0,0,0,0,0,0,0,322,264,586
4,13.76.02.1039,KOTOKOCIAK KUBU TAPAKRAJO,06 DIPLOMA I/II,2,1,3,0,3,3,1,2,3,1,4,5,0,0,0,0,0,0,0,0,0,0,0,0,0,0,0,0,0,0,0,0,0,0,0,0,4,12,16
3,13.76.03,PAYAKUMBUH TIMUR,01 TIDAK/BLM SEKOLAH,11,8,19,7,4,11,0,1,1,18,8,26,0,0,0,0,0,0,0,1,1,0,0,0,0,1,1,0,0,0,0,1,1,3,1,4,2605,2309,4914
3,13.76.03,PAYAKUMBUH TIMUR,02 BELUM TAMAT SD/SEDERAJAT,18,26,44,8,10,18,3,2,5,15,26,41,1,0,1,0,0,0,1,1,2,0,0,0,0,1,1,0,0,0,0,0,0,0,0,0,1717,1483,3200
3,13.76.03,PAYAKUMBUH TIMUR,03 TAMAT SD/SEDERAJAT,50,68,118,29,44,73,17,24,41,87,54,141,2,1,3,0,1,1,0,0,0,0,0,0,0,0,0,0,0,0,0,0,0,0,0,0,1760,1782,3542
3,13.76.03,PAYAKUMBUH TIMUR,04 SLTP/SEDERAJAT,69,91,160,49,51,100,22,31,53,105,104,209,4,3,7,0,0,0,1,0,1,0,0,0,1,0,1,2,0,2,3,1,4,0,0,0,2003,1808,3811
3,13.76.03,PAYAKUMBUH TIMUR,05 SLTA/SEDERAJAT,296,301,597,235,252,487,142,105,247,527,388,915,18,10,28,3,1,4,11,6,17,1,0,1,2,3,5,0,0,0,6,3,9,1,0,1,4626,3977,8603
3,13.76.03,PAYAKUMBUH TIMUR,06 DIPLOMA I/II,1,7,8,3,12,15,0,4,4,3,18,21,0,0,0,0,0,0,0,1,1,0,0,0,0,0,0,0,0,0,0,1,1,0,0,0,10,57,67
3,13.76.03,PAYAKUMBUH TIMUR,07 AKADEMI/DIPLOMA III/SARJANA MUDA,32,68,100,33,67,100,13,36,49,44,107,151,0,2,2,0,0,0,2,2,4,0,0,0,1,1,2,0,0,0,2,2,4,0,1,1,170,323,493
3,13.76.03,PAYAKUMBUH TIMUR,08 DIPLOMA IV/STRATA I,134,203,337,126,201,327,37,75,112,198,268,466,5,10,15,0,0,0,7,5,12,0,0,0,3,1,4,0,0,0,2,4,6,2,2,4,549,924,1473
3,13.76.03,PAYAKUMBUH TIMUR,09 STRATA-II,16,9,25,14,19,33,6,4,10,16,20,36,1,0,1,0,0,0,2,0,2,0,0,0,1,0,1,0,0,0,1,0,1,0,0,0,36,53,89
3,13.76.03,PAYAKUMBUH TIMUR,10 STRATA-III,1,0,1,0,0,0,0,0,0,1,0,1,0,0,0,0,0,0,0,0,0,0,0,0,0,0,0,0,0,0,0,0,0,0,0,0,1,1,2
4,13.76.03.1001,BALAI JARING,04 SLTP/SEDERAJAT,5,7,12,5,6,11,1,2,3,17,9,26,0,1,1,0,0,0,0,0,0,0,0,0,1,0,1,0,0,0,0,0,0,0,0,0,146,125,271
4,13.76.03.1001,BALAI JARING,03 TAMAT SD/SEDERAJAT,3,3,6,1,4,5,1,4,5,7,3,10,0,0,0,0,0,0,0,0,0,0,0,0,0,0,0,0,0,0,0,0,0,0,0,0,126,111,237
4,13.76.03.1001,BALAI JARING,02 BELUM TAMAT SD/SEDERAJAT,1,2,3,2,4,6,0,0,0,2,4,6,0,0,0,0,0,0,0,0,0,0,0,0,0,0,0,0,0,0,0,0,0,0,0,0,165,125,290
4,13.76.03.1001,BALAI JARING,01 TIDAK/BLM SEKOLAH,1,0,1,0,0,0,0,0,0,0,0,0,0,0,0,0,0,0,0,0,0,0,0,0,0,0,0,0,0,0,0,0,0,0,0,0,196,159,355
4,13.76.03.1001,BALAI JARING,09 STRATA-II,3,2,5,2,2,4,0,0,0,2,2,4,0,0,0,0,0,0,0,0,0,0,0,0,0,0,0,0,0,0,0,0,0,0,0,0,1,7,8
4,13.76.03.1001,BALAI JARING,06 DIPLOMA I/II,0,1,1,0,3,3,0,0,0,0,2,2,0,0,0,0,0,0,0,1,1,0,0,0,0,0,0,0,0,0,0,0,0,0,0,0,1,4,5
4,13.76.03.1001,BALAI JARING,07 AKADEMI/DIPLOMA III/SARJANA MUDA,3,5,8,1,5,6,3,5,8,5,9,14,0,0,0,0,0,0,0,0,0,0,0,0,0,0,0,0,0,0,0,0,0,0,0,0,9,19,28
4,13.76.03.1001,BALAI JARING,08 DIPLOMA IV/STRATA I,16,18,34,8,23,31,5,7,12,16,20,36,0,0,0,0,0,0,0,0,0,0,0,0,0,0,0,0,0,0,0,0,0,0,0,0,48,65,113
4,13.76.03.1001,BALAI JARING,05 SLTA/SEDERAJAT,25,28,53,18,24,42,18,15,33,46,40,86,4,1,5,0,0,0,1,0,1,0,0,0,0,0,0,0,0,0,0,0,0,0,0,0,339,307,646
4,13.76.03.1002,PADANG ALAI BODI,04 SLTP/SEDERAJAT,4,2,6,4,1,5,5,3,8,6,8,14,0,0,0,0,0,0,0,0,0,0,0,0,0,0,0,0,0,0,1,0,1,0,0,0,154,142,296
4,13.76.03.1002,PADANG ALAI BODI,03 TAMAT SD/SEDERAJAT,9,6,15,2,8,10,2,2,4,14,7,21,0,0,0,0,0,0,0,0,0,0,0,0,0,0,0,0,0,0,0,0,0,0,0,0,198,194,392
4,13.76.03.1002,PADANG ALAI BODI,02 BELUM TAMAT SD/SEDERAJAT,1,0,1,1,0,1,0,0,0,0,1,1,0,0,0,0,0,0,0,0,0,0,0,0,0,0,0,0,0,0,0,0,0,0,0,0,122,128,250
4,13.76.03.1002,PADANG ALAI BODI,01 TIDAK/BLM SEKOLAH,0,0,0,1,0,1,0,1,1,1,0,1,0,0,0,0,0,0,0,0,0,0,0,0,0,0,0,0,0,0,0,0,0,0,0,0,190,163,353
4,13.76.03.1002,PADANG ALAI BODI,05 SLTA/SEDERAJAT,24,22,46,8,8,16,17,6,23,32,23,55,0,0,0,0,0,0,0,0,0,0,0,0,1,1,2,0,0,0,2,0,2,0,0,0,373,334,707
4,13.76.03.1002,PADANG ALAI BODI,09 STRATA-II,0,1,1,0,1,1,0,0,0,0,0,0,0,0,0,0,0,0,0,0,0,0,0,0,0,0,0,0,0,0,1,0,1,0,0,0,0,2,2
4,13.76.03.1002,PADANG ALAI BODI,08 DIPLOMA IV/STRATA I,5,11,16,6,6,12,1,3,4,14,12,26,0,1,1,0,0,0,0,0,0,0,0,0,0,0,0,0,0,0,0,0,0,0,0,0,26,50,76
4,13.76.03.1002,PADANG ALAI BODI,07 AKADEMI/DIPLOMA III/SARJANA MUDA,2,4,6,5,5,10,0,3,3,4,6,10,0,0,0,0,0,0,0,0,0,0,0,0,0,0,0,0,0,0,0,0,0,0,0,0,13,15,28
4,13.76.03.1002,PADANG ALAI BODI,06 DIPLOMA I/II,1,0,1,1,0,1,0,0,0,0,2,2,0,0,0,0,0,0,0,0,0,0,0,0,0,0,0,0,0,0,0,1,1,0,0,0,0,1,1
4,13.76.03.1003,PADANG TANGAH PAYOBADAR,01 TIDAK/BLM SEKOLAH,0,1,1,1,2,3,0,0,0,1,1,2,0,0,0,0,0,0,0,0,0,0,0,0,0,0,0,0,0,0,0,0,0,0,1,1,315,296,611
4,13.76.03.1003,PADANG TANGAH PAYOBADAR,02 BELUM TAMAT SD/SEDERAJAT,2,9,11,0,0,0,1,0,1,2,1,3,0,0,0,0,0,0,0,1,1,0,0,0,0,0,0,0,0,0,0,0,0,0,0,0,225,183,408
4,13.76.03.1003,PADANG TANGAH PAYOBADAR,03 TAMAT SD/SEDERAJAT,3,8,11,5,4,9,0,1,1,7,8,15,0,1,1,0,0,0,0,0,0,0,0,0,0,0,0,0,0,0,0,0,0,0,0,0,192,207,399
4,13.76.03.1003,PADANG TANGAH PAYOBADAR,04 SLTP/SEDERAJAT,3,8,11,7,5,12,0,3,3,8,13,21,0,1,1,0,0,0,0,0,0,0,0,0,0,0,0,0,0,0,0,0,0,0,0,0,266,206,472
4,13.76.03.1003,PADANG TANGAH PAYOBADAR,10 STRATA-III,1,0,1,0,0,0,0,0,0,0,0,0,0,0,0,0,0,0,0,0,0,0,0,0,0,0,0,0,0,0,0,0,0,0,0,0,0,0,0
4,13.76.03.1003,PADANG TANGAH PAYOBADAR,09 STRATA-II,0,1,1,1,3,4,2,0,2,2,1,3,0,0,0,0,0,0,0,0,0,0,0,0,0,0,0,0,0,0,0,0,0,0,0,0,8,11,19
4,13.76.03.1003,PADANG TANGAH PAYOBADAR,08 DIPLOMA IV/STRATA I,14,35,49,27,32,59,8,12,20,34,39,73,1,2,3,0,0,0,0,1,1,0,0,0,1,0,1,0,0,0,0,2,2,1,0,1,103,156,259
4,13.76.03.1003,PADANG TANGAH PAYOBADAR,07 AKADEMI/DIPLOMA III/SARJANA MUDA,4,14,18,4,9,13,2,8,10,5,13,18,0,0,0,0,0,0,0,0,0,0,0,0,0,0,0,0,0,0,0,0,0,0,1,1,33,40,73
4,13.76.03.1003,PADANG TANGAH PAYOBADAR,06 DIPLOMA I/II,0,1,1,0,2,2,0,2,2,0,2,2,0,0,0,0,0,0,0,0,0,0,0,0,0,0,0,0,0,0,0,0,0,0,0,0,0,11,11
4,13.76.03.1003,PADANG TANGAH PAYOBADAR,05 SLTA/SEDERAJAT,34,35,69,35,41,76,18,13,31,58,40,98,1,0,1,0,0,0,2,1,3,0,0,0,0,0,0,0,0,0,1,1,2,0,0,0,603,507,1110
4,13.76.03.1005,SICINCIN,01 TIDAK/BLM SEKOLAH,0,0,0,0,0,0,0,0,0,1,2,3,0,0,0,0,0,0,0,0,0,0,0,0,0,0,0,0,0,0,0,0,0,0,0,0,322,264,586
4,13.76.03.1005,SICINCIN,09 STRATA-II,4,3,7,3,1,4,0,1,1,1,2,3,0,0,0,0,0,0,1,0,1,0,0,0,0,0,0,0,0,0,0,0,0,0,0,0,9,6,15
4,13.76.03.1005,SICINCIN,08 DIPLOMA IV/STRATA I,21,25,46,11,19,30,3,8,11,20,26,46,0,2,2,0,0,0,1,0,1,0,0,0,0,0,0,0,0,0,2,0,2,0,0,0,88,136,224
4,13.76.03.1005,SICINCIN,07 AKADEMI/DIPLOMA III/SARJANA MUDA,8,5,13,4,9,13,0,3,3,7,11,18,0,1,1,0,0,0,0,0,0,0,0,0,0,0,0,0,0,0,0,0,0,0,0,0,19,30,49
4,13.76.03.1005,SICINCIN,06 DIPLOMA I/II,0,1,1,0,0,0,0,0,0,1,1,2,0,0,0,0,0,0,0,0,0,0,0,0,0,0,0,0,0,0,0,0,0,0,0,0,4,5,9
4,13.76.03.1005,SICINCIN,05 SLTA/SEDERAJAT,20,19,39,18,25,43,11,9,20,44,43,87,2,0,2,0,0,0,0,0,0,0,0,0,0,0,0,0,0,0,0,0,0,0,0,0,561,497,1058
4,13.76.03.1005,SICINCIN,04 SLTP/SEDERAJAT,4,5,9,4,3,7,3,2,5,10,5,15,0,0,0,0,0,0,0,0,0,0,0,0,0,0,0,0,0,0,1,0,1,0,0,0,238,233,471
4,13.76.03.1005,SICINCIN,03 TAMAT SD/SEDERAJAT,3,1,4,4,4,8,1,1,2,11,5,16,0,0,0,0,0,0,0,0,0,0,0,0,0,0,0,0,0,0,0,0,0,0,0,0,168,187,355
4,13.76.03.1005,SICINCIN,02 BELUM TAMAT SD/SEDERAJAT,2,0,2,0,2,2,0,0,0,0,1,1,0,0,0,0,0,0,0,0,0,0,0,0,0,0,0,0,0,0,0,0,0,0,0,0,207,191,398
4,13.76.03.1007,PADANG TIAKAR,01 TIDAK/BLM SEKOLAH,4,1,5,0,1,1,0,0,0,9,0,9,0,0,0,0,0,0,0,0,0,0,0,0,0,0,0,0,0,0,0,0,0,3,0,3,322,329,651
4,13.76.03.1007,PADANG TIAKAR,02 BELUM TAMAT SD/SEDERAJAT,3,5,8,1,3,4,0,1,1,2,4,6,1,0,1,0,0,0,1,0,1,0,0,0,0,0,0,0,0,0,0,0,0,0,0,0,224,215,439
4,13.76.03.1007,PADANG TIAKAR,10 STRATA-III,0,0,0,0,0,0,0,0,0,1,0,1,0,0,0,0,0,0,0,0,0,0,0,0,0,0,0,0,0,0,0,0,0,0,0,0,0,1,1
4,13.76.03.1007,PADANG TIAKAR,09 STRATA-II,3,1,4,3,6,9,2,1,3,5,10,15,1,0,1,0,0,0,0,0,0,0,0,0,0,0,0,0,0,0,0,0,0,0,0,0,4,8,12
4,13.76.03.1007,PADANG TIAKAR,08 DIPLOMA IV/STRATA I,36,45,81,33,36,69,11,16,27,41,48,89,0,3,3,0,0,0,1,0,1,0,0,0,0,0,0,0,0,0,0,1,1,0,1,1,99,140,239
4,13.76.03.1007,PADANG TIAKAR,07 AKADEMI/DIPLOMA III/SARJANA MUDA,5,17,22,6,9,15,2,5,7,8,18,26,0,0,0,0,0,0,1,0,1,0,0,0,0,1,1,0,0,0,0,1,1,0,0,0,35,37,72
4,13.76.03.1007,PADANG TIAKAR,06 DIPLOMA I/II,0,3,3,0,3,3,0,0,0,1,1,2,0,0,0,0,0,0,0,0,0,0,0,0,0,0,0,0,0,0,0,0,0,0,0,0,1,13,14
4,13.76.03.1007,PADANG TIAKAR,05 SLTA/SEDERAJAT,61,68,129,48,55,103,29,25,54,116,83,199,1,3,4,2,1,3,2,2,4,0,0,0,0,0,0,0,0,0,0,1,1,1,0,1,620,555,1175
4,13.76.03.1007,PADANG TIAKAR,04 SLTP/SEDERAJAT,13,23,36,15,14,29,5,4,9,27,32,59,2,0,2,0,0,0,1,0,1,0,0,0,0,0,0,0,0,0,0,0,0,0,0,0,277,250,527
4,13.76.03.1007,PADANG TIAKAR,03 TAMAT SD/SEDERAJAT,7,14,21,10,9,19,3,6,9,15,14,29,0,0,0,0,1,1,0,0,0,0,0,0,0,0,0,0,0,0,0,0,0,0,0,0,190,167,357
4,13.76.03.1009,PAYOBASUNG,01 TIDAK/BLM SEKOLAH,1,2,3,0,0,0,0,0,0,1,1,2,0,0,0,0,0,0,0,0,0,0,0,0,0,0,0,0,0,0,0,0,0,0,0,0,202,169,371
4,13.76.03.1009,PAYOBASUNG,02 BELUM TAMAT SD/SEDERAJAT,4,5,9,1,0,1,0,0,0,4,1,5,0,0,0,0,0,0,0,0,0,0,0,0,0,0,0,0,0,0,0,0,0,0,0,0,151,128,279
4,13.76.03.1009,PAYOBASUNG,03 TAMAT SD/SEDERAJAT,8,10,18,2,2,4,2,0,2,3,2,5,0,0,0,0,0,0,0,0,0,0,0,0,0,0,0,0,0,0,0,0,0,0,0,0,191,191,382
4,13.76.03.1009,PAYOBASUNG,04 SLTP/SEDERAJAT,11,10,21,3,4,7,1,2,3,2,6,8,0,0,0,0,0,0,0,0,0,0,0,0,0,0,0,0,0,0,1,0,1,0,0,0,215,184,399
4,13.76.03.1009,PAYOBASUNG,10 STRATA-III,0,0,0,0,0,0,0,0,0,0,0,0,0,0,0,0,0,0,0,0,0,0,0,0,0,0,0,0,0,0,0,0,0,0,0,0,1,0,1
4,13.76.03.1009,PAYOBASUNG,06 DIPLOMA I/II,0,0,0,1,0,1,0,2,2,1,1,2,0,0,0,0,0,0,0,0,0,0,0,0,0,0,0,0,0,0,0,0,0,0,0,0,0,9,9
4,13.76.03.1009,PAYOBASUNG,07 AKADEMI/DIPLOMA III/SARJANA MUDA,2,1,3,3,4,7,1,2,3,2,8,10,0,0,0,0,0,0,0,0,0,0,0,0,0,0,0,0,0,0,0,0,0,0,0,0,13,29,42
4,13.76.03.1009,PAYOBASUNG,08 DIPLOMA IV/STRATA I,7,10,17,6,14,20,1,5,6,15,23,38,0,0,0,0,0,0,2,0,2,0,0,0,1,1,2,0,0,0,0,0,0,1,0,1,42,59,101
4,13.76.03.1009,PAYOBASUNG,09 STRATA-II,3,0,3,1,1,2,0,0,0,1,0,1,0,0,0,0,0,0,0,0,0,0,0,0,0,0,0,0,0,0,0,0,0,0,0,0,6,4,10
4,13.76.03.1009,PAYOBASUNG,05 SLTA/SEDERAJAT,17,32,49,9,15,24,9,4,13,28,31,59,1,0,1,0,0,0,2,0,2,0,0,0,0,0,0,0,0,0,0,1,1,0,0,0,351,353,704
4,13.76.03.1010,KOTO PANJANG,08 DIPLOMA IV/STRATA I,8,5,13,5,7,12,1,1,2,3,12,15,1,1,2,0,0,0,0,1,1,0,0,0,1,0,1,0,0,0,0,0,0,0,0,0,14,45,59
4,13.76.03.1010,KOTO PANJANG,09 STRATA-II,0,0,0,0,1,1,1,0,1,1,0,1,0,0,0,0,0,0,0,0,0,0,0,0,0,0,0,0,0,0,0,0,0,0,0,0,3,2,5
4,13.76.03.1010,KOTO PANJANG,01 TIDAK/BLM SEKOLAH,1,1,2,0,0,0,0,0,0,1,0,1,0,0,0,0,0,0,0,1,1,0,0,0,0,0,0,0,0,0,0,0,0,0,0,0,210,170,380
4,13.76.03.1010,KOTO PANJANG,02 BELUM TAMAT SD/SEDERAJAT,0,1,1,0,0,0,0,0,0,0,0,0,0,0,0,0,0,0,0,0,0,0,0,0,0,0,0,0,0,0,0,0,0,0,0,0,136,117,253
4,13.76.03.1010,KOTO PANJANG,03 TAMAT SD/SEDERAJAT,1,1,2,3,4,7,1,0,1,7,3,10,0,0,0,0,0,0,0,0,0,0,0,0,0,0,0,0,0,0,0,0,0,0,0,0,247,256,503
4,13.76.03.1010,KOTO PANJANG,04 SLTP/SEDERAJAT,4,8,12,1,0,1,1,0,1,9,4,13,1,1,2,0,0,0,0,0,0,0,0,0,0,0,0,1,0,1,0,0,0,0,0,0,188,187,375
4,13.76.03.1010,KOTO PANJANG,05 SLTA/SEDERAJAT,13,19,32,5,7,12,5,2,7,16,23,39,2,0,2,0,0,0,1,1,2,0,0,0,1,1,2,0,0,0,0,0,0,0,0,0,409,365,774
4,13.76.03.1010,KOTO PANJANG,06 DIPLOMA I/II,0,0,0,0,0,0,0,0,0,0,2,2,0,0,0,0,0,0,0,0,0,0,0,0,0,0,0,0,0,0,0,0,0,0,0,0,0,3,3
4,13.76.03.1010,KOTO PANJANG,07 AKADEMI/DIPLOMA III/SARJANA MUDA,0,3,3,0,3,3,0,0,0,0,1,1,0,0,0,0,0,0,0,0,0,0,0,0,1,0,1,0,0,0,0,1,1,0,0,0,11,13,24
4,13.76.03.1011,KOTO BARU,01 TIDAK/BLM SEKOLAH,2,1,3,0,0,0,0,0,0,1,0,1,0,0,0,0,0,0,0,0,0,0,0,0,0,0,0,0,0,0,0,0,0,0,0,0,173,147,320
4,13.76.03.1011,KOTO BARU,02 BELUM TAMAT SD/SEDERAJAT,4,2,6,1,1,2,0,0,0,0,0,0,0,0,0,0,0,0,0,0,0,0,0,0,0,0,0,0,0,0,0,0,0,0,0,0,118,117,235
4,13.76.03.1011,KOTO BARU,09 STRATA-II,0,0,0,1,0,1,1,1,2,0,1,1,0,0,0,0,0,0,0,0,0,0,0,0,0,0,0,0,0,0,0,0,0,0,0,0,0,0,0
4,13.76.03.1011,KOTO BARU,08 DIPLOMA IV/STRATA I,6,7,13,2,9,11,1,4,5,7,16,23,0,0,0,0,0,0,0,0,0,0,0,0,0,0,0,0,0,0,0,0,0,0,0,0,26,38,64
4,13.76.03.1011,KOTO BARU,07 AKADEMI/DIPLOMA III/SARJANA MUDA,0,3,3,4,0,4,0,1,1,0,3,3,0,0,0,0,0,0,1,0,1,0,0,0,0,0,0,0,0,0,1,0,1,0,0,0,8,16,24
4,13.76.03.1011,KOTO BARU,06 DIPLOMA I/II,0,0,0,1,2,3,0,0,0,0,0,0,0,0,0,0,0,0,0,0,0,0,0,0,0,0,0,0,0,0,0,0,0,0,0,0,2,1,3
4,13.76.03.1011,KOTO BARU,05 SLTA/SEDERAJAT,17,22,39,7,12,19,8,5,13,15,13,28,1,3,4,0,0,0,1,0,1,0,0,0,0,0,0,0,0,0,0,0,0,0,0,0,284,276,560
4,13.76.03.1011,KOTO BARU,04 SLTP/SEDERAJAT,18,13,31,1,0,1,0,2,2,2,2,4,1,0,1,0,0,0,0,0,0,0,0,0,0,0,0,0,0,0,0,0,0,0,0,0,141,115,256
4,13.76.03.1011,KOTO BARU,03 TAMAT SD/SEDERAJAT,14,13,27,1,2,3,1,3,4,4,1,5,1,0,1,0,0,0,0,0,0,0,0,0,0,0,0,0,0,0,0,0,0,0,0,0,170,175,345
4,13.76.03.1015,TIAKAR,01 TIDAK/BLM SEKOLAH,2,2,4,5,1,6,0,0,0,3,4,7,0,0,0,0,0,0,0,0,0,0,0,0,0,1,1,0,0,0,0,1,1,0,0,0,675,612,1287
4,13.76.03.1015,TIAKAR,08 DIPLOMA IV/STRATA I,21,47,68,28,55,83,6,19,25,48,72,120,3,1,4,0,0,0,3,3,6,0,0,0,0,0,0,0,0,0,0,1,1,0,1,1,103,235,338
4,13.76.03.1015,TIAKAR,07 AKADEMI/DIPLOMA III/SARJANA MUDA,8,16,24,6,23,29,5,9,14,13,38,51,0,1,1,0,0,0,0,2,2,0,0,0,0,0,0,0,0,0,1,0,1,0,0,0,29,124,153
4,13.76.03.1015,TIAKAR,06 DIPLOMA I/II,0,1,1,0,2,2,0,0,0,0,7,7,0,0,0,0,0,0,0,0,0,0,0,0,0,0,0,0,0,0,0,0,0,0,0,0,2,10,12
4,13.76.03.1015,TIAKAR,09 STRATA-II,3,1,4,3,4,7,0,1,1,4,4,8,0,0,0,0,0,0,1,0,1,0,0,0,1,0,1,0,0,0,0,0,0,0,0,0,5,13,18
4,13.76.03.1015,TIAKAR,04 SLTP/SEDERAJAT,7,15,22,9,18,27,6,13,19,24,25,49,0,0,0,0,0,0,0,0,0,0,0,0,0,0,0,1,0,1,0,1,1,0,0,0,378,366,744
4,13.76.03.1015,TIAKAR,03 TAMAT SD/SEDERAJAT,2,12,14,1,7,8,6,7,13,19,11,30,1,0,1,0,0,0,0,0,0,0,0,0,0,0,0,0,0,0,0,0,0,0,0,0,278,294,572
4,13.76.03.1015,TIAKAR,02 BELUM TAMAT SD/SEDERAJAT,1,2,3,2,0,2,2,1,3,5,14,19,0,0,0,0,0,0,0,0,0,0,0,0,0,1,1,0,0,0,0,0,0,0,0,0,369,279,648
4,13.76.03.1015,TIAKAR,05 SLTA/SEDERAJAT,85,56,141,87,65,152,27,26,53,172,92,264,6,3,9,1,0,1,2,2,4,1,0,1,0,1,1,0,0,0,3,0,3,0,0,0,1086,783,1869
3,13.76.04,LAMPOSI TIGO NAGORI,01 TIDAK/BLM SEKOLAH,5,5,10,2,2,4,0,0,0,2,4,6,0,0,0,0,0,0,0,0,0,0,0,0,0,0,0,0,0,0,0,0,0,0,0,0,1231,1098,2329
3,13.76.04,LAMPOSI TIGO NAGORI,02 BELUM TAMAT SD/SEDERAJAT,2,5,7,0,4,4,2,1,3,7,1,8,0,0,0,0,0,0,1,0,1,0,0,0,0,1,1,0,0,0,1,0,1,0,0,0,760,679,1439
3,13.76.04,LAMPOSI TIGO NAGORI,03 TAMAT SD/SEDERAJAT,31,25,56,11,10,21,8,7,15,20,17,37,3,2,5,0,0,0,0,0,0,0,0,0,1,0,1,0,0,0,0,0,0,0,0,0,907,681,1588
3,13.76.04,LAMPOSI TIGO NAGORI,04 SLTP/SEDERAJAT,25,36,61,9,10,19,11,6,17,21,20,41,0,3,3,0,0,0,0,1,1,0,0,0,1,0,1,0,0,0,1,1,2,0,0,0,881,855,1736
3,13.76.04,LAMPOSI TIGO NAGORI,05 SLTA/SEDERAJAT,88,90,178,48,49,97,27,31,58,99,95,194,2,5,7,0,0,0,3,1,4,0,0,0,0,1,1,0,0,0,2,1,3,1,0,1,1641,1717,3358
3,13.76.04,LAMPOSI TIGO NAGORI,06 DIPLOMA I/II,0,4,4,1,2,3,0,2,2,0,1,1,0,0,0,0,0,0,0,0,0,0,0,0,0,0,0,0,0,0,0,0,0,0,0,0,5,29,34
3,13.76.04,LAMPOSI TIGO NAGORI,07 AKADEMI/DIPLOMA III/SARJANA MUDA,8,13,21,8,12,20,1,5,6,5,18,23,0,1,1,0,0,0,0,0,0,0,0,0,1,0,1,0,0,0,0,1,1,0,0,0,67,100,167
3,13.76.04,LAMPOSI TIGO NAGORI,08 DIPLOMA IV/STRATA I,23,66,89,25,43,68,6,16,22,47,61,108,2,1,3,1,1,2,0,1,1,0,1,1,1,1,2,1,0,1,2,2,4,0,0,0,163,272,435
3,13.76.04,LAMPOSI TIGO NAGORI,09 STRATA-II,3,1,4,0,2,2,1,2,3,4,5,9,0,0,0,0,1,1,0,0,0,1,0,1,0,1,1,0,0,0,0,0,0,0,0,0,12,6,18
3,13.76.04,LAMPOSI TIGO NAGORI,10 STRATA-III,0,0,0,0,0,0,0,0,0,0,0,0,0,0,0,0,0,0,0,0,0,0,0,0,0,0,0,0,0,0,0,0,0,0,0,0,1,0,1
4,13.76.04.1001,SUNGAI DURIAN,04 SLTP/SEDERAJAT,9,8,17,2,2,4,0,3,3,6,4,10,0,0,0,0,0,0,0,0,0,0,0,0,0,0,0,0,0,0,0,1,1,0,0,0,202,206,408
4,13.76.04.1001,SUNGAI DURIAN,03 TAMAT SD/SEDERAJAT,12,10,22,2,0,2,1,2,3,4,5,9,0,0,0,0,0,0,0,0,0,0,0,0,0,0,0,0,0,0,0,0,0,0,0,0,204,153,357
4,13.76.04.1001,SUNGAI DURIAN,02 BELUM TAMAT SD/SEDERAJAT,0,0,0,0,1,1,1,0,1,2,0,2,0,0,0,0,0,0,0,0,0,0,0,0,0,0,0,0,0,0,0,0,0,0,0,0,148,153,301
4,13.76.04.1001,SUNGAI DURIAN,01 TIDAK/BLM SEKOLAH,0,0,0,1,0,1,0,0,0,0,0,0,0,0,0,0,0,0,0,0,0,0,0,0,0,0,0,0,0,0,0,0,0,0,0,0,305,273,578
4,13.76.04.1001,SUNGAI DURIAN,09 STRATA-II,2,1,3,0,0,0,0,1,1,1,2,3,0,0,0,0,1,1,0,0,0,1,0,1,0,0,0,0,0,0,0,0,0,0,0,0,6,2,8
4,13.76.04.1001,SUNGAI DURIAN,06 DIPLOMA I/II,0,4,4,0,0,0,0,0,0,0,1,1,0,0,0,0,0,0,0,0,0,0,0,0,0,0,0,0,0,0,0,0,0,0,0,0,1,9,10
4,13.76.04.1001,SUNGAI DURIAN,07 AKADEMI/DIPLOMA III/SARJANA MUDA,0,3,3,2,1,3,0,0,0,0,4,4,0,1,1,0,0,0,0,0,0,0,0,0,0,0,0,0,0,0,0,0,0,0,0,0,23,24,47
4,13.76.04.1001,SUNGAI DURIAN,08 DIPLOMA IV/STRATA I,5,9,14,3,13,16,1,2,3,12,16,28,0,0,0,0,1,1,0,0,0,0,1,1,0,0,0,0,0,0,0,0,0,0,0,0,40,70,110
4,13.76.04.1001,SUNGAI DURIAN,05 SLTA/SEDERAJAT,19,25,44,9,11,20,7,5,12,22,15,37,0,0,0,0,0,0,0,0,0,0,0,0,0,0,0,0,0,0,1,0,1,0,0,0,357,409,766
4,13.76.04.1002,PARIT MUKO AIE,04 SLTP/SEDERAJAT,1,3,4,2,1,3,4,0,4,5,3,8,0,0,0,0,0,0,0,0,0,0,0,0,1,0,1,0,0,0,0,0,0,0,0,0,111,96,207
4,13.76.04.1002,PARIT MUKO AIE,03 TAMAT SD/SEDERAJAT,2,1,3,2,1,3,0,0,0,1,1,2,0,0,0,0,0,0,0,0,0,0,0,0,1,0,1,0,0,0,0,0,0,0,0,0,119,83,202
4,13.76.04.1002,PARIT MUKO AIE,02 BELUM TAMAT SD/SEDERAJAT,0,0,0,0,3,3,0,1,1,3,0,3,0,0,0,0,0,0,0,0,0,0,0,0,0,1,1,0,0,0,0,0,0,0,0,0,111,81,192
4,13.76.04.1002,PARIT MUKO AIE,01 TIDAK/BLM SEKOLAH,2,0,2,0,1,1,0,0,0,0,0,0,0,0,0,0,0,0,0,0,0,0,0,0,0,0,0,0,0,0,0,0,0,0,0,0,160,132,292
4,13.76.04.1002,PARIT MUKO AIE,05 SLTA/SEDERAJAT,9,8,17,3,0,3,4,5,9,12,15,27,1,1,2,0,0,0,1,0,1,0,0,0,0,1,1,0,0,0,1,0,1,0,0,0,243,251,494
4,13.76.04.1002,PARIT MUKO AIE,09 STRATA-II,0,0,0,0,0,0,0,0,0,0,0,0,0,0,0,0,0,0,0,0,0,0,0,0,0,0,0,0,0,0,0,0,0,0,0,0,1,1,2
4,13.76.04.1002,PARIT MUKO AIE,08 DIPLOMA IV/STRATA I,3,14,17,7,7,14,0,2,2,6,8,14,0,0,0,0,0,0,0,1,1,0,0,0,0,0,0,0,0,0,1,1,2,0,0,0,19,53,72
4,13.76.04.1002,PARIT MUKO AIE,07 AKADEMI/DIPLOMA III/SARJANA MUDA,2,1,3,3,1,4,0,1,1,1,1,2,0,0,0,0,0,0,0,0,0,0,0,0,0,0,0,0,0,0,0,1,1,0,0,0,10,17,27
4,13.76.04.1002,PARIT MUKO AIE,06 DIPLOMA I/II,0,0,0,0,0,0,0,0,0,0,0,0,0,0,0,0,0,0,0,0,0,0,0,0,0,0,0,0,0,0,0,0,0,0,0,0,1,3,4
4,13.76.04.1003,PARAMBAHAN,01 TIDAK/BLM SEKOLAH,0,0,0,0,1,1,0,0,0,2,1,3,0,0,0,0,0,0,0,0,0,0,0,0,0,0,0,0,0,0,0,0,0,0,0,0,114,113,227
4,13.76.04.1003,PARAMBAHAN,02 BELUM TAMAT SD/SEDERAJAT,0,1,1,0,0,0,1,0,1,2,1,3,0,0,0,0,0,0,0,0,0,0,0,0,0,0,0,0,0,0,0,0,0,0,0,0,82,70,152
4,13.76.04.1003,PARAMBAHAN,03 TAMAT SD/SEDERAJAT,3,2,5,2,1,3,2,1,3,4,3,7,0,1,1,0,0,0,0,0,0,0,0,0,0,0,0,0,0,0,0,0,0,0,0,0,87,84,171
4,13.76.04.1003,PARAMBAHAN,04 SLTP/SEDERAJAT,2,3,5,2,2,4,2,1,3,1,3,4,0,0,0,0,0,0,0,0,0,0,0,0,0,0,0,0,0,0,0,0,0,0,0,0,83,85,168
4,13.76.04.1003,PARAMBAHAN,09 STRATA-II,0,0,0,0,0,0,0,1,1,0,1,1,0,0,0,0,0,0,0,0,0,0,0,0,0,1,1,0,0,0,0,0,0,0,0,0,1,0,1
4,13.76.04.1003,PARAMBAHAN,07 AKADEMI/DIPLOMA III/SARJANA MUDA,1,1,2,1,2,3,0,1,1,1,4,5,0,0,0,0,0,0,0,0,0,0,0,0,0,0,0,0,0,0,0,0,0,0,0,0,6,11,17
4,13.76.04.1003,PARAMBAHAN,06 DIPLOMA I/II,0,0,0,0,2,2,0,0,0,0,0,0,0,0,0,0,0,0,0,0,0,0,0,0,0,0,0,0,0,0,0,0,0,0,0,0,2,4,6
4,13.76.04.1003,PARAMBAHAN,05 SLTA/SEDERAJAT,7,8,15,5,5,10,3,3,6,16,12,28,1,2,3,0,0,0,0,0,0,0,0,0,0,0,0,0,0,0,0,0,0,0,0,0,178,169,347
4,13.76.04.1003,PARAMBAHAN,08 DIPLOMA IV/STRATA I,1,8,9,2,5,7,1,4,5,6,8,14,0,0,0,0,0,0,0,0,0,0,0,0,0,0,0,1,0,1,0,1,1,0,0,0,24,25,49
4,13.76.04.1004,PADANG SIKABU,01 TIDAK/BLM SEKOLAH,3,4,7,1,0,1,0,0,0,0,1,1,0,0,0,0,0,0,0,0,0,0,0,0,0,0,0,0,0,0,0,0,0,0,0,0,216,175,391
4,13.76.04.1004,PADANG SIKABU,09 STRATA-II,0,0,0,0,0,0,1,0,1,2,1,3,0,0,0,0,0,0,0,0,0,0,0,0,0,0,0,0,0,0,0,0,0,0,0,0,0,0,0
4,13.76.04.1004,PADANG SIKABU,08 DIPLOMA IV/STRATA I,9,16,25,6,9,15,1,4,5,8,14,22,2,1,3,1,0,1,0,0,0,0,0,0,0,1,1,0,0,0,0,0,0,0,0,0,28,34,62
4,13.76.04.1004,PADANG SIKABU,07 AKADEMI/DIPLOMA III/SARJANA MUDA,3,3,6,1,3,4,1,1,2,0,1,1,0,0,0,0,0,0,0,0,0,0,0,0,0,0,0,0,0,0,0,0,0,0,0,0,6,14,20
4,13.76.04.1004,PADANG SIKABU,06 DIPLOMA I/II,0,0,0,1,0,1,0,0,0,0,0,0,0,0,0,0,0,0,0,0,0,0,0,0,0,0,0,0,0,0,0,0,0,0,0,0,0,2,2
4,13.76.04.1004,PADANG SIKABU,05 SLTA/SEDERAJAT,15,16,31,12,19,31,6,7,13,15,20,35,0,1,1,0,0,0,0,1,1,0,0,0,0,0,0,0,0,0,0,0,0,0,0,0,244,235,479
4,13.76.04.1004,PADANG SIKABU,04 SLTP/SEDERAJAT,7,11,18,0,3,3,3,2,5,3,5,8,0,3,3,0,0,0,0,1,1,0,0,0,0,0,0,0,0,0,0,0,0,0,0,0,146,123,269
4,13.76.04.1004,PADANG SIKABU,03 TAMAT SD/SEDERAJAT,7,6,13,3,4,7,4,3,7,6,4,10,3,1,4,0,0,0,0,0,0,0,0,0,0,0,0,0,0,0,0,0,0,0,0,0,157,120,277
4,13.76.04.1004,PADANG SIKABU,02 BELUM TAMAT SD/SEDERAJAT,0,3,3,0,0,0,0,0,0,0,0,0,0,0,0,0,0,0,0,0,0,0,0,0,0,0,0,0,0,0,1,0,1,0,0,0,124,110,234
4,13.76.04.1005,KOTO PANJANG PADANG,01 TIDAK/BLM SEKOLAH,0,0,0,0,0,0,0,0,0,0,2,2,0,0,0,0,0,0,0,0,0,0,0,0,0,0,0,0,0,0,0,0,0,0,0,0,184,201,385
4,13.76.04.1005,KOTO PANJANG PADANG,02 BELUM TAMAT SD/SEDERAJAT,0,0,0,0,0,0,0,0,0,0,0,0,0,0,0,0,0,0,0,0,0,0,0,0,0,0,0,0,0,0,0,0,0,0,0,0,131,117,248
4,13.76.04.1005,KOTO PANJANG PADANG,10 STRATA-III,0,0,0,0,0,0,0,0,0,0,0,0,0,0,0,0,0,0,0,0,0,0,0,0,0,0,0,0,0,0,0,0,0,0,0,0,1,0,1
4,13.76.04.1005,KOTO PANJANG PADANG,09 STRATA-II,1,0,1,0,1,1,0,0,0,0,0,0,0,0,0,0,0,0,0,0,0,0,0,0,0,0,0,0,0,0,0,0,0,0,0,0,3,2,5
4,13.76.04.1005,KOTO PANJANG PADANG,08 DIPLOMA IV/STRATA I,3,11,14,6,6,12,1,2,3,14,10,24,0,0,0,0,0,0,0,0,0,0,0,0,0,0,0,0,0,0,0,0,0,0,0,0,28,52,80
4,13.76.04.1005,KOTO PANJANG PADANG,07 AKADEMI/DIPLOMA III/SARJANA MUDA,1,4,5,0,4,4,0,2,2,2,5,7,0,0,0,0,0,0,0,0,0,0,0,0,1,0,1,0,0,0,0,0,0,0,0,0,15,21,36
4,13.76.04.1005,KOTO PANJANG PADANG,06 DIPLOMA I/II,0,0,0,0,0,0,0,1,1,0,0,0,0,0,0,0,0,0,0,0,0,0,0,0,0,0,0,0,0,0,0,0,0,0,0,0,1,7,8
4,13.76.04.1005,KOTO PANJANG PADANG,05 SLTA/SEDERAJAT,19,20,39,12,4,16,4,7,11,17,13,30,0,1,1,0,0,0,1,0,1,0,0,0,0,0,0,0,0,0,0,1,1,1,0,1,265,264,529
4,13.76.04.1005,KOTO PANJANG PADANG,04 SLTP/SEDERAJAT,4,4,8,0,2,2,2,0,2,3,1,4,0,0,0,0,0,0,0,0,0,0,0,0,0,0,0,0,0,0,1,0,1,0,0,0,155,149,304
4,13.76.04.1005,KOTO PANJANG PADANG,03 TAMAT SD/SEDERAJAT,3,4,7,1,1,2,1,0,1,1,2,3,0,0,0,0,0,0,0,0,0,0,0,0,0,0,0,0,0,0,0,0,0,0,0,0,151,110,261
4,13.76.04.1006,KOTO PANJANG DALAM,01 TIDAK/BLM SEKOLAH,0,1,1,0,0,0,0,0,0,0,0,0,0,0,0,0,0,0,0,0,0,0,0,0,0,0,0,0,0,0,0,0,0,0,0,0,252,204,456
4,13.76.04.1006,KOTO PANJANG DALAM,02 BELUM TAMAT SD/SEDERAJAT,2,1,3,0,0,0,0,0,0,0,0,0,0,0,0,0,0,0,1,0,1,0,0,0,0,0,0,0,0,0,0,0,0,0,0,0,164,148,312
4,13.76.04.1006,KOTO PANJANG DALAM,03 TAMAT SD/SEDERAJAT,4,2,6,1,3,4,0,1,1,4,2,6,0,0,0,0,0,0,0,0,0,0,0,0,0,0,0,0,0,0,0,0,0,0,0,0,189,131,320
4,13.76.04.1006,KOTO PANJANG DALAM,04 SLTP/SEDERAJAT,2,7,9,3,0,3,0,0,0,3,4,7,0,0,0,0,0,0,0,0,0,0,0,0,0,0,0,0,0,0,0,0,0,0,0,0,184,196,380
4,13.76.04.1006,KOTO PANJANG DALAM,09 STRATA-II,0,0,0,0,1,1,0,0,0,1,1,2,0,0,0,0,0,0,0,0,0,0,0,0,0,0,0,0,0,0,0,0,0,0,0,0,1,1,2
4,13.76.04.1006,KOTO PANJANG DALAM,06 DIPLOMA I/II,0,0,0,0,0,0,0,1,1,0,0,0,0,0,0,0,0,0,0,0,0,0,0,0,0,0,0,0,0,0,0,0,0,0,0,0,0,4,4
4,13.76.04.1006,KOTO PANJANG DALAM,07 AKADEMI/DIPLOMA III/SARJANA MUDA,1,1,2,1,1,2,0,0,0,1,3,4,0,0,0,0,0,0,0,0,0,0,0,0,0,0,0,0,0,0,0,0,0,0,0,0,7,13,20
4,13.76.04.1006,KOTO PANJANG DALAM,08 DIPLOMA IV/STRATA I,2,8,10,1,3,4,2,2,4,1,5,6,0,0,0,0,0,0,0,0,0,0,0,0,1,0,1,0,0,0,1,0,1,0,0,0,24,38,62
4,13.76.04.1006,KOTO PANJANG DALAM,05 SLTA/SEDERAJAT,19,13,32,7,10,17,3,4,7,17,20,37,0,0,0,0,0,0,1,0,1,0,0,0,0,0,0,0,0,0,0,0,0,0,0,0,354,389,743
3,13.76.05,PAYAKUMBUH SELATAN,01 TIDAK/BLM SEKOLAH,3,2,5,1,2,3,0,0,0,8,3,11,0,0,0,0,0,0,0,0,0,0,0,0,0,0,0,0,0,0,0,2,2,0,0,0,1019,922,1941
3,13.76.05,PAYAKUMBUH SELATAN,02 BELUM TAMAT SD/SEDERAJAT,11,5,16,0,7,7,3,0,3,8,3,11,0,0,0,0,0,0,0,0,0,0,0,0,0,0,0,0,0,0,0,0,0,0,0,0,698,638,1336
3,13.76.05,PAYAKUMBUH SELATAN,03 TAMAT SD/SEDERAJAT,21,21,42,5,7,12,7,6,13,21,16,37,0,0,0,0,0,0,0,0,0,0,0,0,1,0,1,0,0,0,0,0,0,0,0,0,666,717,1383
3,13.76.05,PAYAKUMBUH SELATAN,04 SLTP/SEDERAJAT,35,48,83,9,16,25,9,4,13,30,28,58,0,0,0,0,0,0,0,0,0,0,0,0,0,0,0,0,0,0,1,0,1,0,0,0,919,812,1731
3,13.76.05,PAYAKUMBUH SELATAN,05 SLTA/SEDERAJAT,112,108,220,58,72,130,42,34,76,169,125,294,0,7,7,1,2,3,2,2,4,0,0,0,2,0,2,0,0,0,2,4,6,1,1,2,1896,1754,3650
3,13.76.05,PAYAKUMBUH SELATAN,06 DIPLOMA I/II,0,5,5,0,3,3,1,2,3,3,4,7,0,0,0,0,0,0,0,0,0,0,0,0,0,0,0,0,0,0,0,0,0,0,0,0,15,27,42
3,13.76.05,PAYAKUMBUH SELATAN,07 AKADEMI/DIPLOMA III/SARJANA MUDA,7,18,25,14,23,37,3,7,10,16,29,45,1,0,1,0,0,0,0,0,0,0,0,0,0,0,0,0,0,0,0,0,0,0,0,0,84,127,211
3,13.76.05,PAYAKUMBUH SELATAN,08 DIPLOMA IV/STRATA I,58,67,125,34,68,102,19,15,34,72,75,147,2,2,4,0,0,0,1,2,3,0,0,0,1,1,2,0,0,0,1,2,3,0,0,0,268,415,683
3,13.76.05,PAYAKUMBUH SELATAN,09 STRATA-II,6,4,10,1,5,6,1,2,3,1,7,8,1,1,2,0,0,0,0,0,0,0,0,0,0,0,0,0,0,0,0,0,0,0,0,0,13,15,28
3,13.76.05,PAYAKUMBUH SELATAN,10 STRATA-III,1,1,2,0,0,0,0,0,0,0,0,0,0,0,0,0,0,0,0,0,0,0,0,0,0,0,0,0,0,0,0,0,0,0,0,0,0,0,0
4,13.76.05.1001,PADANG KARAMBIA,05 SLTA/SEDERAJAT,7,13,20,6,15,21,8,4,12,17,11,28,0,3,3,1,1,2,0,1,1,0,0,0,0,0,0,0,0,0,0,0,0,0,0,0,256,229,485
4,13.76.05.1001,PADANG KARAMBIA,04 SLTP/SEDERAJAT,2,3,5,1,0,1,1,1,2,6,4,10,0,0,0,0,0,0,0,0,0,0,0,0,0,0,0,0,0,0,0,0,0,0,0,0,108,111,219
4,13.76.05.1001,PADANG KARAMBIA,03 TAMAT SD/SEDERAJAT,1,2,3,0,1,1,1,1,2,6,0,6,0,0,0,0,0,0,0,0,0,0,0,0,1,0,1,0,0,0,0,0,0,0,0,0,97,102,199
4,13.76.05.1001,PADANG KARAMBIA,02 BELUM TAMAT SD/SEDERAJAT,2,1,3,0,1,1,0,0,0,1,0,1,0,0,0,0,0,0,0,0,0,0,0,0,0,0,0,0,0,0,0,0,0,0,0,0,84,71,155
4,13.76.05.1001,PADANG KARAMBIA,01 TIDAK/BLM SEKOLAH,0,1,1,0,0,0,0,0,0,2,0,2,0,0,0,0,0,0,0,0,0,0,0,0,0,0,0,0,0,0,0,0,0,0,0,0,128,121,249
4,13.76.05.1001,PADANG KARAMBIA,07 AKADEMI/DIPLOMA III/SARJANA MUDA,1,1,2,2,0,2,0,0,0,2,3,5,0,0,0,0,0,0,0,0,0,0,0,0,0,0,0,0,0,0,0,0,0,0,0,0,12,13,25
4,13.76.05.1001,PADANG KARAMBIA,08 DIPLOMA IV/STRATA I,4,6,10,6,7,13,2,1,3,4,7,11,0,1,1,0,0,0,0,0,0,0,0,0,0,0,0,0,0,0,0,0,0,0,0,0,26,52,78
4,13.76.05.1001,PADANG KARAMBIA,09 STRATA-II,2,1,3,0,0,0,0,0,0,0,1,1,0,0,0,0,0,0,0,0,0,0,0,0,0,0,0,0,0,0,0,0,0,0,0,0,4,0,4
4,13.76.05.1002,KOTOTUO LIMOKAMPUANG,05 SLTA/SEDERAJAT,2,4,6,5,5,10,3,1,4,15,11,26,0,0,0,0,0,0,0,0,0,0,0,0,0,0,0,0,0,0,0,1,1,0,0,0,187,179,366
4,13.76.05.1002,KOTOTUO LIMOKAMPUANG,04 SLTP/SEDERAJAT,2,8,10,0,2,2,2,0,2,3,3,6,0,0,0,0,0,0,0,0,0,0,0,0,0,0,0,0,0,0,0,0,0,0,0,0,105,79,184
4,13.76.05.1002,KOTOTUO LIMOKAMPUANG,03 TAMAT SD/SEDERAJAT,4,2,6,4,0,4,1,0,1,1,2,3,0,0,0,0,0,0,0,0,0,0,0,0,0,0,0,0,0,0,0,0,0,0,0,0,65,76,141
4,13.76.05.1002,KOTOTUO LIMOKAMPUANG,02 BELUM TAMAT SD/SEDERAJAT,4,0,4,0,0,0,0,0,0,0,0,0,0,0,0,0,0,0,0,0,0,0,0,0,0,0,0,0,0,0,0,0,0,0,0,0,78,67,145
4,13.76.05.1002,KOTOTUO LIMOKAMPUANG,01 TIDAK/BLM SEKOLAH,1,0,1,0,1,1,0,0,0,0,0,0,0,0,0,0,0,0,0,0,0,0,0,0,0,0,0,0,0,0,0,0,0,0,0,0,113,95,208
4,13.76.05.1002,KOTOTUO LIMOKAMPUANG,06 DIPLOMA I/II,0,1,1,0,0,0,1,0,1,0,2,2,0,0,0,0,0,0,0,0,0,0,0,0,0,0,0,0,0,0,0,0,0,0,0,0,1,2,3
4,13.76.05.1002,KOTOTUO LIMOKAMPUANG,09 STRATA-II,1,1,2,0,1,1,0,0,0,0,0,0,1,0,1,0,0,0,0,0,0,0,0,0,0,0,0,0,0,0,0,0,0,0,0,0,0,2,2
4,13.76.05.1002,KOTOTUO LIMOKAMPUANG,08 DIPLOMA IV/STRATA I,3,7,10,1,7,8,1,0,1,7,7,14,0,0,0,0,0,0,0,0,0,0,0,0,0,0,0,0,0,0,0,0,0,0,0,0,21,34,55
4,13.76.05.1002,KOTOTUO LIMOKAMPUANG,07 AKADEMI/DIPLOMA III/SARJANA MUDA,1,1,2,1,4,5,1,0,1,2,3,5,0,0,0,0,0,0,0,0,0,0,0,0,0,0,0,0,0,0,0,0,0,0,0,0,6,21,27
4,13.76.05.1003,LIMBUKAN,01 TIDAK/BLM SEKOLAH,1,0,1,0,0,0,0,0,0,1,1,2,0,0,0,0,0,0,0,0,0,0,0,0,0,0,0,0,0,0,0,0,0,0,0,0,223,212,435
4,13.76.05.1003,LIMBUKAN,02 BELUM TAMAT SD/SEDERAJAT,1,1,2,0,1,1,1,0,1,3,1,4,0,0,0,0,0,0,0,0,0,0,0,0,0,0,0,0,0,0,0,0,0,0,0,0,155,161,316
4,13.76.05.1003,LIMBUKAN,03 TAMAT SD/SEDERAJAT,4,1,5,0,1,1,4,1,5,4,4,8,0,0,0,0,0,0,0,0,0,0,0,0,0,0,0,0,0,0,0,0,0,0,0,0,121,122,243
4,13.76.05.1003,LIMBUKAN,04 SLTP/SEDERAJAT,5,6,11,4,2,6,2,0,2,7,6,13,0,0,0,0,0,0,0,0,0,0,0,0,0,0,0,0,0,0,0,0,0,0,0,0,204,177,381
4,13.76.05.1003,LIMBUKAN,10 STRATA-III,0,1,1,0,0,0,0,0,0,0,0,0,0,0,0,0,0,0,0,0,0,0,0,0,0,0,0,0,0,0,0,0,0,0,0,0,0,0,0
4,13.76.05.1003,LIMBUKAN,06 DIPLOMA I/II,0,3,3,0,2,2,0,2,2,2,1,3,0,0,0,0,0,0,0,0,0,0,0,0,0,0,0,0,0,0,0,0,0,0,0,0,5,5,10
4,13.76.05.1003,LIMBUKAN,09 STRATA-II,2,0,2,0,4,4,0,0,0,1,1,2,0,1,1,0,0,0,0,0,0,0,0,0,0,0,0,0,0,0,0,0,0,0,0,0,3,6,9
4,13.76.05.1003,LIMBUKAN,08 DIPLOMA IV/STRATA I,21,17,38,17,16,33,8,3,11,22,22,44,1,1,2,0,0,0,0,2,2,0,0,0,1,0,1,0,0,0,0,1,1,0,0,0,79,121,200
4,13.76.05.1003,LIMBUKAN,07 AKADEMI/DIPLOMA III/SARJANA MUDA,3,4,7,5,8,13,0,4,4,6,6,12,0,0,0,0,0,0,0,0,0,0,0,0,0,0,0,0,0,0,0,0,0,0,0,0,21,32,53
4,13.76.05.1003,LIMBUKAN,05 SLTA/SEDERAJAT,22,22,44,27,19,46,14,11,25,49,42,91,0,2,2,0,0,0,0,0,0,0,0,0,1,0,1,0,0,0,0,1,1,0,0,0,496,465,961
4,13.76.05.1005,BALAI PANJANG,01 TIDAK/BLM SEKOLAH,0,0,0,1,0,1,0,0,0,1,0,1,0,0,0,0,0,0,0,0,0,0,0,0,0,0,0,0,0,0,0,0,0,0,0,0,179,159,338
4,13.76.05.1005,BALAI PANJANG,09 STRATA-II,0,0,0,0,0,0,0,0,0,0,0,0,0,0,0,0,0,0,0,0,0,0,0,0,0,0,0,0,0,0,0,0,0,0,0,0,3,5,8
4,13.76.05.1005,BALAI PANJANG,08 DIPLOMA IV/STRATA I,7,7,14,0,11,11,1,3,4,8,12,20,0,0,0,0,0,0,1,0,1,0,0,0,0,1,1,0,0,0,0,0,0,0,0,0,59,76,135
4,13.76.05.1005,BALAI PANJANG,07 AKADEMI/DIPLOMA III/SARJANA MUDA,1,2,3,0,3,3,1,0,1,2,6,8,0,0,0,0,0,0,0,0,0,0,0,0,0,0,0,0,0,0,0,0,0,0,0,0,13,20,33
4,13.76.05.1005,BALAI PANJANG,06 DIPLOMA I/II,0,0,0,0,0,0,0,0,0,0,0,0,0,0,0,0,0,0,0,0,0,0,0,0,0,0,0,0,0,0,0,0,0,0,0,0,3,8,11
4,13.76.05.1005,BALAI PANJANG,05 SLTA/SEDERAJAT,24,19,43,5,9,14,3,4,7,22,15,37,0,0,0,0,1,1,1,0,1,0,0,0,0,0,0,0,0,0,0,0,0,0,0,0,271,259,530
4,13.76.05.1005,BALAI PANJANG,04 SLTP/SEDERAJAT,7,8,15,0,2,2,1,1,2,4,7,11,0,0,0,0,0,0,0,0,0,0,0,0,0,0,0,0,0,0,0,0,0,0,0,0,157,122,279
4,13.76.05.1005,BALAI PANJANG,03 TAMAT SD/SEDERAJAT,6,8,14,0,0,0,0,1,1,2,2,4,0,0,0,0,0,0,0,0,0,0,0,0,0,0,0,0,0,0,0,0,0,0,0,0,104,122,226
4,13.76.05.1005,BALAI PANJANG,02 BELUM TAMAT SD/SEDERAJAT,0,0,0,0,1,1,0,0,0,3,0,3,0,0,0,0,0,0,0,0,0,0,0,0,0,0,0,0,0,0,0,0,0,0,0,0,123,126,249
4,13.76.05.1006,KAPALO KOTO AMPANGAN,09 STRATA-II,0,0,0,0,0,0,0,0,0,0,2,2,0,0,0,0,0,0,0,0,0,0,0,0,0,0,0,0,0,0,0,0,0,0,0,0,0,0,0
4,13.76.05.1006,KAPALO KOTO AMPANGAN,08 DIPLOMA IV/STRATA I,4,3,7,2,5,7,0,0,0,6,6,12,0,0,0,0,0,0,0,0,0,0,0,0,0,0,0,0,0,0,0,0,0,0,0,0,16,27,43
4,13.76.05.1006,KAPALO KOTO AMPANGAN,07 AKADEMI/DIPLOMA III/SARJANA MUDA,0,1,1,0,2,2,1,0,1,1,5,6,0,0,0,0,0,0,0,0,0,0,0,0,0,0,0,0,0,0,0,0,0,0,0,0,7,6,13
4,13.76.05.1006,KAPALO KOTO AMPANGAN,06 DIPLOMA I/II,0,0,0,0,0,0,0,0,0,0,0,0,0,0,0,0,0,0,0,0,0,0,0,0,0,0,0,0,0,0,0,0,0,0,0,0,3,2,5
4,13.76.05.1006,KAPALO KOTO AMPANGAN,01 TIDAK/BLM SEKOLAH,0,0,0,0,0,0,0,0,0,2,1,3,0,0,0,0,0,0,0,0,0,0,0,0,0,0,0,0,0,0,0,0,0,0,0,0,133,109,242
4,13.76.05.1006,KAPALO KOTO AMPANGAN,04 SLTP/SEDERAJAT,8,11,19,2,5,7,0,0,0,2,6,8,0,0,0,0,0,0,0,0,0,0,0,0,0,0,0,0,0,0,0,0,0,0,0,0,154,116,270
4,13.76.05.1006,KAPALO KOTO AMPANGAN,03 TAMAT SD/SEDERAJAT,2,4,6,1,3,4,0,2,2,4,2,6,0,0,0,0,0,0,0,0,0,0,0,0,0,0,0,0,0,0,0,0,0,0,0,0,149,173,322
4,13.76.05.1006,KAPALO KOTO AMPANGAN,02 BELUM TAMAT SD/SEDERAJAT,2,3,5,0,3,3,0,0,0,0,1,1,0,0,0,0,0,0,0,0,0,0,0,0,0,0,0,0,0,0,0,0,0,0,0,0,119,81,200
4,13.76.05.1006,KAPALO KOTO AMPANGAN,05 SLTA/SEDERAJAT,14,18,32,2,11,13,4,1,5,25,15,40,0,0,0,0,0,0,0,0,0,0,0,0,1,0,1,0,0,0,0,0,0,0,0,0,253,211,464
4,13.76.05.1010,SAWAHPADANG AUA KUNIANG,02 BELUM TAMAT SD/SEDERAJAT,2,0,2,0,1,1,2,0,2,1,1,2,0,0,0,0,0,0,0,0,0,0,0,0,0,0,0,0,0,0,0,0,0,0,0,0,139,132,271
4,13.76.05.1010,SAWAHPADANG AUA KUNIANG,03 TAMAT SD/SEDERAJAT,4,4,8,0,2,2,1,1,2,4,6,10,0,0,0,0,0,0,0,0,0,0,0,0,0,0,0,0,0,0,0,0,0,0,0,0,130,122,252
4,13.76.05.1010,SAWAHPADANG AUA KUNIANG,04 SLTP/SEDERAJAT,11,12,23,2,5,7,3,2,5,8,2,10,0,0,0,0,0,0,0,0,0,0,0,0,0,0,0,0,0,0,1,0,1,0,0,0,191,207,398
4,13.76.05.1010,SAWAHPADANG AUA KUNIANG,05 SLTA/SEDERAJAT,43,32,75,13,13,26,10,13,23,41,31,72,0,2,2,0,0,0,1,1,2,0,0,0,0,0,0,0,0,0,2,2,4,1,1,2,433,411,844
4,13.76.05.1010,SAWAHPADANG AUA KUNIANG,06 DIPLOMA I/II,0,1,1,0,1,1,0,0,0,1,1,2,0,0,0,0,0,0,0,0,0,0,0,0,0,0,0,0,0,0,0,0,0,0,0,0,3,10,13
4,13.76.05.1010,SAWAHPADANG AUA KUNIANG,07 AKADEMI/DIPLOMA III/SARJANA MUDA,1,9,10,6,6,12,0,3,3,3,6,9,1,0,1,0,0,0,0,0,0,0,0,0,0,0,0,0,0,0,0,0,0,0,0,0,25,35,60
4,13.76.05.1010,SAWAHPADANG AUA KUNIANG,08 DIPLOMA IV/STRATA I,19,27,46,8,22,30,7,8,15,25,21,46,1,0,1,0,0,0,0,0,0,0,0,0,0,0,0,0,0,0,1,1,2,0,0,0,67,105,172
4,13.76.05.1010,SAWAHPADANG AUA KUNIANG,09 STRATA-II,1,2,3,1,0,1,1,2,3,0,3,3,0,0,0,0,0,0,0,0,0,0,0,0,0,0,0,0,0,0,0,0,0,0,0,0,3,2,5
4,13.76.05.1010,SAWAHPADANG AUA KUNIANG,10 STRATA-III,1,0,1,0,0,0,0,0,0,0,0,0,0,0,0,0,0,0,0,0,0,0,0,0,0,0,0,0,0,0,0,0,0,0,0,0,0,0,0
4,13.76.05.1010,SAWAHPADANG AUA KUNIANG,01 TIDAK/BLM SEKOLAH,1,1,2,0,1,1,0,0,0,2,1,3,0,0,0,0,0,0,0,0,0,0,0,0,0,0,0,0,0,0,0,2,2,0,0,0,243,226,469
